address_id,match,matched_address,place_name,place_geoid,county_name,query
A0001,Match,"6238 DE LONGPRE AVE, LOS ANGELES, CA, 90028",Los Angeles city,0644000,Los Angeles County,https://geocoding.geo.census.gov/geocoder/geographies/address?benchmark=Public_AR_Current&vintage=Current_Current&layers=Incorporated+Places%2CCounties&format=json&street=6238+DE+LONGPRE+AVE&state=CA&city=Los+Angeles&zip=90028
A0002,Match,"1035 CLINTON ST, HOBOKEN, NJ, 07030",Hoboken city,3432250,Hudson County,https://geocoding.geo.census.gov/geocoder/geographies/address?benchmark=Public_AR_Current&vintage=Current_Current&layers=Incorporated+Places%2CCounties&format=json&street=1031-1035+CLINTON+ST&state=NJ&city=Hoboken&zip=07030
A0003,Match,"878 S 14TH ST, NEWARK, NJ, 07108",Newark city,3451000,Essex County,https://geocoding.geo.census.gov/geocoder/geographies/address?benchmark=Public_AR_Current&vintage=Current_Current&layers=Incorporated+Places%2CCounties&format=json&street=876-878+S+14TH+ST&state=NJ&city=Newark&zip=11219
A0004,Match,"10050 MOUNTAIR AVE, TUJUNGA, CA, 91042",Los Angeles city,0644000,Los Angeles County,https://geocoding.geo.census.gov/geocoder/geographies/address?benchmark=Public_AR_Current&vintage=Current_Current&layers=Incorporated+Places%2CCounties&format=json&street=10050+MOUNTAIR+AVE&state=CA&city=Los+Angeles&zip=91042
A0005,Match,"1609 ADDISON ST, BERKELEY, CA, 94703",Berkeley city,0606000,Alameda County,https://geocoding.geo.census.gov/geocoder/geographies/address?benchmark=Public_AR_Current&vintage=Current_Current&layers=Incorporated+Places%2CCounties&format=json&street=1609+ADDISON+ST&state=CA&city=Berkeley&zip=94703
A0006,Match,"71 WESTLAND AVE, BOSTON, MA, 02115",Boston city,2507000,Suffolk County,https://geocoding.geo.census.gov/geocoder/geographies/address?benchmark=Public_AR_Current&vintage=Current_Current&layers=Incorporated+Places%2CCounties&format=json&street=69-71+WESTLAND+AV&state=MA&city=Boston&zip=02115
A0007,Match,"4257 SAN PEDRO PL, LOS ANGELES, CA, 90011",Los Angeles city,0644000,Los Angeles County,https://geocoding.geo.census.gov/geocoder/geographies/address?benchmark=Public_AR_Current&vintage=Current_Current&layers=Incorporated+Places%2CCounties&format=json&street=4257+SAN+PEDRO+PL&state=CA&city=Los+Angeles&zip=90011
A0008,Match,"1065 SUMMIT AVE, JERSEY CITY, NJ, 07307",Jersey City city,3436000,Hudson County,https://geocoding.geo.census.gov/geocoder/geographies/address?benchmark=Public_AR_Current&vintage=Current_Current&layers=Incorporated+Places%2CCounties&format=json&street=1065+SUMMIT+AVENUE&state=NJ&city=Jersey+City&zip=78746
A0009,Match (2 candidates; first used),"5 WESTERN AVE, CAMBRIDGE, MA, 02163",Boston city,2507000,Suffolk County,https://geocoding.geo.census.gov/geocoder/geographies/address?benchmark=Public_AR_Current&vintage=Current_Current&layers=Incorporated+Places%2CCounties&format=json&street=322-322.5+Western+Ave&state=MA&city=Cambridge
A0010,Match,"134 OXFORD ST, CAMBRIDGE, MA, 02140",Cambridge city,2511000,Middlesex County,https://geocoding.geo.census.gov/geocoder/geographies/address?benchmark=Public_AR_Current&vintage=Current_Current&layers=Incorporated+Places%2CCounties&format=json&street=134+Oxford+St&state=MA&city=Cambridge
A0011,Match,"836 RAYMOND BLVD, NEWARK, NJ, 07105",Newark city,3451000,Essex County,https://geocoding.geo.census.gov/geocoder/geographies/address?benchmark=Public_AR_Current&vintage=Current_Current&layers=Incorporated+Places%2CCounties&format=json&street=834-836+RAYMOND+BLVD&state=NJ&city=Newark&zip=08805
A0012,Match,"1064 SUMMIT AVE, JERSEY CITY, NJ, 07307",Jersey City city,3436000,Hudson County,https://geocoding.geo.census.gov/geocoder/geographies/address?benchmark=Public_AR_Current&vintage=Current_Current&layers=Incorporated+Places%2CCounties&format=json&street=1064+SUMMIT+AVE.&state=NJ&city=Jersey+City&zip=07728
A0013,Match,"137 N 11TH ST, NEWARK, NJ, 07107",Newark city,3451000,Essex County,https://geocoding.geo.census.gov/geocoder/geographies/address?benchmark=Public_AR_Current&vintage=Current_Current&layers=Incorporated+Places%2CCounties&format=json&street=137+N+11TH+ST&state=NJ&city=Newark&zip=07107
A0014,Match,"5907 CAHUENGA BLVD, NORTH HOLLYWOOD, CA, 91601",Los Angeles city,0644000,Los Angeles County,https://geocoding.geo.census.gov/geocoder/geographies/address?benchmark=Public_AR_Current&vintage=Current_Current&layers=Incorporated+Places%2CCounties&format=json&street=5907+CAHUENGA+BLVD&state=CA&city=Los+Angeles&zip=91601
A0015,Match,"15 EVERETT ST, CAMBRIDGE, MA, 02138",Cambridge city,2511000,Middlesex County,https://geocoding.geo.census.gov/geocoder/geographies/address?benchmark=Public_AR_Current&vintage=Current_Current&layers=Incorporated+Places%2CCounties&format=json&street=15+Everett+St&state=MA&city=Cambridge
A0016,Match,"3515 FILLMORE ST, SAN FRANCISCO, CA, 94123",San Francisco city,0667000,San Francisco County,https://geocoding.geo.census.gov/geocoder/geographies/address?benchmark=Public_AR_Current&vintage=Current_Current&layers=Incorporated+Places%2CCounties&format=json&street=3515+FILLMORE+ST&state=CA&city=San+Francisco
A0017,Match,"225 DUNCAN AVE, JERSEY CITY, NJ, 07306",Jersey City city,3436000,Hudson County,https://geocoding.geo.census.gov/geocoder/geographies/address?benchmark=Public_AR_Current&vintage=Current_Current&layers=Incorporated+Places%2CCounties&format=json&street=225+DUNCAN+AVE.&state=NJ&city=Jersey+City&zip=10949
A0018,Match,"1906 BONITA AVE, BERKELEY, CA, 94704",Berkeley city,0606000,Alameda County,https://geocoding.geo.census.gov/geocoder/geographies/address?benchmark=Public_AR_Current&vintage=Current_Current&layers=Incorporated+Places%2CCounties&format=json&street=1906+BONITA+AVE&state=CA&city=Berkeley&zip=94704
A0019,Match,"3820 HAINES ST, SAN DIEGO, CA, 92109",San Diego city,0666000,San Diego County,https://geocoding.geo.census.gov/geocoder/geographies/address?benchmark=Public_AR_Current&vintage=Current_Current&layers=Incorporated+Places%2CCounties&format=json&street=3820+HAINES+ST&state=CA&city=San+Diego&zip=92109
A0020,Match,"648 N 6TH ST, NEWARK, NJ, 07107",Newark city,3451000,Essex County,https://geocoding.geo.census.gov/geocoder/geographies/address?benchmark=Public_AR_Current&vintage=Current_Current&layers=Incorporated+Places%2CCounties&format=json&street=646-648+N+6TH+ST&state=NJ&city=Newark&zip=07083
A0021,Match,"22 PRECITA AVE, SAN FRANCISCO, CA, 94110",San Francisco city,0667000,San Francisco County,https://geocoding.geo.census.gov/geocoder/geographies/address?benchmark=Public_AR_Current&vintage=Current_Current&layers=Incorporated+Places%2CCounties&format=json&street=22+PRECITA+AV&state=CA&city=San+Francisco
A0022,Match,"10908 HARTSOOK ST, NORTH HOLLYWOOD, CA, 91601",Los Angeles city,0644000,Los Angeles County,https://geocoding.geo.census.gov/geocoder/geographies/address?benchmark=Public_AR_Current&vintage=Current_Current&layers=Incorporated+Places%2CCounties&format=json&street=10908+HARTSOOK+ST&state=CA&city=Los+Angeles&zip=91601
A0023,Match,"843 IROLO ST, LOS ANGELES, CA, 90005",Los Angeles city,0644000,Los Angeles County,https://geocoding.geo.census.gov/geocoder/geographies/address?benchmark=Public_AR_Current&vintage=Current_Current&layers=Incorporated+Places%2CCounties&format=json&street=843+IROLO+ST&state=CA&city=Los+Angeles&zip=90005
A0024,Match,"227 CHARLES ST, CAMBRIDGE, MA, 02141",Cambridge city,2511000,Middlesex County,https://geocoding.geo.census.gov/geocoder/geographies/address?benchmark=Public_AR_Current&vintage=Current_Current&layers=Incorporated+Places%2CCounties&format=json&street=227+Charles+St&state=MA&city=Cambridge
A0025,Match,"2341 8TH ST, BERKELEY, CA, 94710",Berkeley city,0606000,Alameda County,https://geocoding.geo.census.gov/geocoder/geographies/address?benchmark=Public_AR_Current&vintage=Current_Current&layers=Incorporated+Places%2CCounties&format=json&street=2341+8TH+ST&state=CA&city=Berkeley&zip=94710
A0026,Match,"59 OAK ST, JERSEY CITY, NJ, 07304",Jersey City city,3436000,Hudson County,https://geocoding.geo.census.gov/geocoder/geographies/address?benchmark=Public_AR_Current&vintage=Current_Current&layers=Incorporated+Places%2CCounties&format=json&street=59+OAK+ST.&state=NJ&city=Jersey+City&zip=07306
A0027,Match,"3918 FULTON ST, SAN FRANCISCO, CA, 94118",San Francisco city,0667000,San Francisco County,https://geocoding.geo.census.gov/geocoder/geographies/address?benchmark=Public_AR_Current&vintage=Current_Current&layers=Incorporated+Places%2CCounties&format=json&street=3918+FULTON+ST&state=CA&city=San+Francisco
A0028,Match,"585 N 5TH ST, NEWARK, NJ, 07107",Newark city,3451000,Essex County,https://geocoding.geo.census.gov/geocoder/geographies/address?benchmark=Public_AR_Current&vintage=Current_Current&layers=Incorporated+Places%2CCounties&format=json&street=585+5TH+ST&state=NJ&city=Newark&zip=07107
A0029,Match,"284 VERONA AVE, NEWARK, NJ, 07104",Newark city,3451000,Essex County,https://geocoding.geo.census.gov/geocoder/geographies/address?benchmark=Public_AR_Current&vintage=Current_Current&layers=Incorporated+Places%2CCounties&format=json&street=280-284+VERONA+AVE&state=NJ&city=Newark&zip=07653
A0030,Match,"2051 DIVISADERO ST, SAN FRANCISCO, CA, 94115",San Francisco city,0667000,San Francisco County,https://geocoding.geo.census.gov/geocoder/geographies/address?benchmark=Public_AR_Current&vintage=Current_Current&layers=Incorporated+Places%2CCounties&format=json&street=2051+DIVISADERO+ST&state=CA&city=San+Francisco
A0031,Match,"5624 S SAN PEDRO ST, LOS ANGELES, CA, 90011",Los Angeles city,0644000,Los Angeles County,https://geocoding.geo.census.gov/geocoder/geographies/address?benchmark=Public_AR_Current&vintage=Current_Current&layers=Incorporated+Places%2CCounties&format=json&street=5624+S+SAN+PEDRO+ST&state=CA&city=Los+Angeles&zip=90011
A0032,Match,"63 OAK ST, JERSEY CITY, NJ, 07304",Jersey City city,3436000,Hudson County,https://geocoding.geo.census.gov/geocoder/geographies/address?benchmark=Public_AR_Current&vintage=Current_Current&layers=Incorporated+Places%2CCounties&format=json&street=63+OAK+ST.&state=NJ&city=Jersey+City&zip=08820
A0033,Match,"1260 KEARNY ST, SAN FRANCISCO, CA, 94133",San Francisco city,0667000,San Francisco County,https://geocoding.geo.census.gov/geocoder/geographies/address?benchmark=Public_AR_Current&vintage=Current_Current&layers=Incorporated+Places%2CCounties&format=json&street=1260+KEARNY+ST&state=CA&city=San+Francisco
A0034,Match,"25 GORE ST, CAMBRIDGE, MA, 02141",Cambridge city,2511000,Middlesex County,https://geocoding.geo.census.gov/geocoder/geographies/address?benchmark=Public_AR_Current&vintage=Current_Current&layers=Incorporated+Places%2CCounties&format=json&street=25+Gore+St&state=MA&city=Cambridge
A0035,Match,"5239 HARMONY AVE, NORTH HOLLYWOOD, CA, 91601",Los Angeles city,0644000,Los Angeles County,https://geocoding.geo.census.gov/geocoder/geographies/address?benchmark=Public_AR_Current&vintage=Current_Current&layers=Incorporated+Places%2CCounties&format=json&street=5239+HARMONY+AVE&state=CA&city=Los+Angeles&zip=91601
A0036,Match,"33 WARD ST, SOUTH BOSTON, MA, 02127",Boston city,2507000,Suffolk County,https://geocoding.geo.census.gov/geocoder/geographies/address?benchmark=Public_AR_Current&vintage=Current_Current&layers=Incorporated+Places%2CCounties&format=json&street=33+WARD+ST&state=MA&city=South+Boston&zip=02127
A0037,Match,"770 IROLO ST, LOS ANGELES, CA, 90005",Los Angeles city,0644000,Los Angeles County,https://geocoding.geo.census.gov/geocoder/geographies/address?benchmark=Public_AR_Current&vintage=Current_Current&layers=Incorporated+Places%2CCounties&format=json&street=770+IROLO+ST&state=CA&city=Los+Angeles&zip=90005
A0038,Match,"154 YUKON ST, SAN FRANCISCO, CA, 94114",San Francisco city,0667000,San Francisco County,https://geocoding.geo.census.gov/geocoder/geographies/address?benchmark=Public_AR_Current&vintage=Current_Current&layers=Incorporated+Places%2CCounties&format=json&street=154+YUKON+ST&state=CA&city=San+Francisco
A0039,Match,"1 CRAIGIE ST, CAMBRIDGE, MA, 02138",Cambridge city,2511000,Middlesex County,https://geocoding.geo.census.gov/geocoder/geographies/address?benchmark=Public_AR_Current&vintage=Current_Current&layers=Incorporated+Places%2CCounties&format=json&street=1+Craigie+St&state=MA&city=Cambridge
A0040,Match,"75 JACKSON ST, HOBOKEN, NJ, 07030",Hoboken city,3432250,Hudson County,https://geocoding.geo.census.gov/geocoder/geographies/address?benchmark=Public_AR_Current&vintage=Current_Current&layers=Incorporated+Places%2CCounties&format=json&street=69-75+JACKSON+ST&state=NJ&city=Hoboken&zip=07030
A0041,Match,"122 TIFFANY AVE, SAN FRANCISCO, CA, 94110",San Francisco city,0667000,San Francisco County,https://geocoding.geo.census.gov/geocoder/geographies/address?benchmark=Public_AR_Current&vintage=Current_Current&layers=Incorporated+Places%2CCounties&format=json&street=122+TIFFANY+AV&state=CA&city=San+Francisco
A0042,Match,"320 FORREST ST, JERSEY CITY, NJ, 07304",Jersey City city,3436000,Hudson County,https://geocoding.geo.census.gov/geocoder/geographies/address?benchmark=Public_AR_Current&vintage=Current_Current&layers=Incorporated+Places%2CCounties&format=json&street=320+FORREST+ST.&state=NJ&city=Jersey+City&zip=07304
A0043,Match,"4 ORCHARD ST, CAMBRIDGE, MA, 02140",Cambridge city,2511000,Middlesex County,https://geocoding.geo.census.gov/geocoder/geographies/address?benchmark=Public_AR_Current&vintage=Current_Current&layers=Incorporated+Places%2CCounties&format=json&street=4+Orchard+St&state=MA&city=Cambridge
A0044,Match,"775 SANDFORD AVE, NEWARK, NJ, 07106",Newark city,3451000,Essex County,https://geocoding.geo.census.gov/geocoder/geographies/address?benchmark=Public_AR_Current&vintage=Current_Current&layers=Incorporated+Places%2CCounties&format=json&street=773-775+SANDFORD+AVE&state=NJ&city=Newark&zip=11211
A0045,Match,"12829 BRANFORD ST, PACOIMA, CA, 91331",Los Angeles city,0644000,Los Angeles County,https://geocoding.geo.census.gov/geocoder/geographies/address?benchmark=Public_AR_Current&vintage=Current_Current&layers=Incorporated+Places%2CCounties&format=json&street=12829+BRANFORD+ST&state=CA&city=Los+Angeles&zip=91331
A0046,Match,"12 SODEN ST, CAMBRIDGE, MA, 02139",Cambridge city,2511000,Middlesex County,https://geocoding.geo.census.gov/geocoder/geographies/address?benchmark=Public_AR_Current&vintage=Current_Current&layers=Incorporated+Places%2CCounties&format=json&street=8-12+Soden+St&state=MA&city=Cambridge
A0047,Match,"14 RUTGERS AVE, JERSEY CITY, NJ, 07305",Jersey City city,3436000,Hudson County,https://geocoding.geo.census.gov/geocoder/geographies/address?benchmark=Public_AR_Current&vintage=Current_Current&layers=Incorporated+Places%2CCounties&format=json&street=14+RUTGERS+AVE.&state=NJ&city=Jersey+City&zip=07304
A0048,Match,"1619 COMMONWEALTH AVE, BRIGHTON, MA, 02135",Boston city,2507000,Suffolk County,https://geocoding.geo.census.gov/geocoder/geographies/address?benchmark=Public_AR_Current&vintage=Current_Current&layers=Incorporated+Places%2CCounties&format=json&street=1619+COMMONWEALTH+AV&state=MA&city=Brighton&zip=02135
A0049,Match,"721 CLINTON ST, HOBOKEN, NJ, 07030",Hoboken city,3432250,Hudson County,https://geocoding.geo.census.gov/geocoder/geographies/address?benchmark=Public_AR_Current&vintage=Current_Current&layers=Incorporated+Places%2CCounties&format=json&street=721+CLINTON+ST&state=NJ&city=Hoboken&zip=07856
A0050,Match,"36 HOFF ST, SAN FRANCISCO, CA, 94110",San Francisco city,0667000,San Francisco County,https://geocoding.geo.census.gov/geocoder/geographies/address?benchmark=Public_AR_Current&vintage=Current_Current&layers=Incorporated+Places%2CCounties&format=json&street=36+HOFF+ST&state=CA&city=San+Francisco
A0051,Match,"65 OAKLAND AVE, JERSEY CITY, NJ, 07306",Jersey City city,3436000,Hudson County,https://geocoding.geo.census.gov/geocoder/geographies/address?benchmark=Public_AR_Current&vintage=Current_Current&layers=Incorporated+Places%2CCounties&format=json&street=65+OAKLAND+AVE.&state=NJ&city=Jersey+City&zip=07423
A0052,Match,"88 GARDNER ST, ALLSTON, MA, 02134",Boston city,2507000,Suffolk County,https://geocoding.geo.census.gov/geocoder/geographies/address?benchmark=Public_AR_Current&vintage=Current_Current&layers=Incorporated+Places%2CCounties&format=json&street=88+Gardner+ST&state=MA&city=Allston&zip=02134
A0053,Match,"32 GARRISON ST, BOSTON, MA, 02116",Boston city,2507000,Suffolk County,https://geocoding.geo.census.gov/geocoder/geographies/address?benchmark=Public_AR_Current&vintage=Current_Current&layers=Incorporated+Places%2CCounties&format=json&street=32+Garrison+ST&state=MA&city=Boston&zip=02116
A0054,Match,"13 SHETLAND ST, ROXBURY, MA, 02119",Boston city,2507000,Suffolk County,https://geocoding.geo.census.gov/geocoder/geographies/address?benchmark=Public_AR_Current&vintage=Current_Current&layers=Incorporated+Places%2CCounties&format=json&street=13+Shetland+ST&state=MA&city=Roxbury&zip=02119
A0055,Match,"305 10TH AVE, SAN FRANCISCO, CA, 94118",San Francisco city,0667000,San Francisco County,https://geocoding.geo.census.gov/geocoder/geographies/address?benchmark=Public_AR_Current&vintage=Current_Current&layers=Incorporated+Places%2CCounties&format=json&street=305+10TH+AV&state=CA&city=San+Francisco
A0056,Match,"43 EDGERLY RD, BOSTON, MA, 02115",Boston city,2507000,Suffolk County,https://geocoding.geo.census.gov/geocoder/geographies/address?benchmark=Public_AR_Current&vintage=Current_Current&layers=Incorporated+Places%2CCounties&format=json&street=41-43+Edgerly+RD&state=MA&city=Boston&zip=02115
A0057,Match,"57 STONE ST, NEWARK, NJ, 07104",Newark city,3451000,Essex County,https://geocoding.geo.census.gov/geocoder/geographies/address?benchmark=Public_AR_Current&vintage=Current_Current&layers=Incorporated+Places%2CCounties&format=json&street=57+STONE+ST&state=NJ&city=Newark&zip=07012
A0058,Match,"3137 BOSTON AVE, SAN DIEGO, CA, 92113",San Diego city,0666000,San Diego County,https://geocoding.geo.census.gov/geocoder/geographies/address?benchmark=Public_AR_Current&vintage=Current_Current&layers=Incorporated+Places%2CCounties&format=json&street=3137+BOSTON+AVE&state=CA&city=San+Diego&zip=92113
A0059,Match,"86 WALNUT ST, NEWARK, NJ, 07102",Newark city,3451000,Essex County,https://geocoding.geo.census.gov/geocoder/geographies/address?benchmark=Public_AR_Current&vintage=Current_Current&layers=Incorporated+Places%2CCounties&format=json&street=84-86+WALNUT+ST&state=NJ&city=Newark&zip=07078
A0060,Match,"5737 WILLOWCREST AVE, NORTH HOLLYWOOD, CA, 91601",Los Angeles city,0644000,Los Angeles County,https://geocoding.geo.census.gov/geocoder/geographies/address?benchmark=Public_AR_Current&vintage=Current_Current&layers=Incorporated+Places%2CCounties&format=json&street=5737+WILLOWCREST+AVE&state=CA&city=Los+Angeles&zip=91601
A0061,Match,"106 18TH AVE, SAN FRANCISCO, CA, 94121",San Francisco city,0667000,San Francisco County,https://geocoding.geo.census.gov/geocoder/geographies/address?benchmark=Public_AR_Current&vintage=Current_Current&layers=Incorporated+Places%2CCounties&format=json&street=106+18TH+AV&state=CA&city=San+Francisco
A0062,Match,"77 HOFF ST, SAN FRANCISCO, CA, 94110",San Francisco city,0667000,San Francisco County,https://geocoding.geo.census.gov/geocoder/geographies/address?benchmark=Public_AR_Current&vintage=Current_Current&layers=Incorporated+Places%2CCounties&format=json&street=77+HOFF+ST&state=CA&city=San+Francisco
A0063,Match,"11 CORTES ST, BOSTON, MA, 02116",Boston city,2507000,Suffolk County,https://geocoding.geo.census.gov/geocoder/geographies/address?benchmark=Public_AR_Current&vintage=Current_Current&layers=Incorporated+Places%2CCounties&format=json&street=11+Cortes+ST&state=MA&city=Boston&zip=02116
A0064,Match,"26 CONCORD AVE, CAMBRIDGE, MA, 02138",Cambridge city,2511000,Middlesex County,https://geocoding.geo.census.gov/geocoder/geographies/address?benchmark=Public_AR_Current&vintage=Current_Current&layers=Incorporated+Places%2CCounties&format=json&street=24-26+Concord+Ave&state=MA&city=Cambridge
A0065,Match,"63 BAILEY ST, DORCHESTER, MA, 02124",Boston city,2507000,Suffolk County,https://geocoding.geo.census.gov/geocoder/geographies/address?benchmark=Public_AR_Current&vintage=Current_Current&layers=Incorporated+Places%2CCounties&format=json&street=63+Bailey+ST&state=MA&city=Dorchester&zip=02124
A0066,Match,"1318 N ORANGE DR, LOS ANGELES, CA, 90028",Los Angeles city,0644000,Los Angeles County,https://geocoding.geo.census.gov/geocoder/geographies/address?benchmark=Public_AR_Current&vintage=Current_Current&layers=Incorporated+Places%2CCounties&format=json&street=1318+N+ORANGE+DR&state=CA&city=Los+Angeles&zip=90028
A0067,Match,"1335 N VISTA ST, LOS ANGELES, CA, 90046",Los Angeles city,0644000,Los Angeles County,https://geocoding.geo.census.gov/geocoder/geographies/address?benchmark=Public_AR_Current&vintage=Current_Current&layers=Incorporated+Places%2CCounties&format=json&street=1335+N+VISTA+ST&state=CA&city=Los+Angeles&zip=90046
A0068,Match,"42 CLEARWAY ST, BOSTON, MA, 02115",Boston city,2507000,Suffolk County,https://geocoding.geo.census.gov/geocoder/geographies/address?benchmark=Public_AR_Current&vintage=Current_Current&layers=Incorporated+Places%2CCounties&format=json&street=40-42+Clearway+ST&state=MA&city=Boston&zip=02115
A0069,Match,"2277 UNION ST, SAN FRANCISCO, CA, 94123",San Francisco city,0667000,San Francisco County,https://geocoding.geo.census.gov/geocoder/geographies/address?benchmark=Public_AR_Current&vintage=Current_Current&layers=Incorporated+Places%2CCounties&format=json&street=2277+UNION+ST&state=CA&city=San+Francisco
A0070,Match,"43 FAYETTE ST, CAMBRIDGE, MA, 02139",Cambridge city,2511000,Middlesex County,https://geocoding.geo.census.gov/geocoder/geographies/address?benchmark=Public_AR_Current&vintage=Current_Current&layers=Incorporated+Places%2CCounties&format=json&street=43+Fayette+St&state=MA&city=Cambridge
A0071,Match,"16 VANDINE ST, CAMBRIDGE, MA, 02141",Cambridge city,2511000,Middlesex County,https://geocoding.geo.census.gov/geocoder/geographies/address?benchmark=Public_AR_Current&vintage=Current_Current&layers=Incorporated+Places%2CCounties&format=json&street=14.5-16+Vandine+St&state=MA&city=Cambridge
A0072,Match,"1251 10TH AVE, SAN FRANCISCO, CA, 94122",San Francisco city,0667000,San Francisco County,https://geocoding.geo.census.gov/geocoder/geographies/address?benchmark=Public_AR_Current&vintage=Current_Current&layers=Incorporated+Places%2CCounties&format=json&street=1251+10TH+AV&state=CA&city=San+Francisco
A0073,Match,"37 INMAN ST, CAMBRIDGE, MA, 02139",Cambridge city,2511000,Middlesex County,https://geocoding.geo.census.gov/geocoder/geographies/address?benchmark=Public_AR_Current&vintage=Current_Current&layers=Incorporated+Places%2CCounties&format=json&street=35-37+Inman+St&state=MA&city=Cambridge
A0074,Match,"717 S BERENDO ST, LOS ANGELES, CA, 90005",Los Angeles city,0644000,Los Angeles County,https://geocoding.geo.census.gov/geocoder/geographies/address?benchmark=Public_AR_Current&vintage=Current_Current&layers=Incorporated+Places%2CCounties&format=json&street=717+S+BERENDO+ST&state=CA&city=Los+Angeles&zip=90005
A0075,Match,"27 EVERETT ST, CAMBRIDGE, MA, 02138",Cambridge city,2511000,Middlesex County,https://geocoding.geo.census.gov/geocoder/geographies/address?benchmark=Public_AR_Current&vintage=Current_Current&layers=Incorporated+Places%2CCounties&format=json&street=27+Everett+St&state=MA&city=Cambridge
A0076,Match,"304 E KINNEY ST, NEWARK, NJ, 07105",Newark city,3451000,Essex County,https://geocoding.geo.census.gov/geocoder/geographies/address?benchmark=Public_AR_Current&vintage=Current_Current&layers=Incorporated+Places%2CCounties&format=json&street=304+E+KINNEY+ST&state=NJ&city=Newark&zip=07033
A0077,Match,"91 BROOKLINE ST, CAMBRIDGE, MA, 02139",Cambridge city,2511000,Middlesex County,https://geocoding.geo.census.gov/geocoder/geographies/address?benchmark=Public_AR_Current&vintage=Current_Current&layers=Incorporated+Places%2CCounties&format=json&street=91+Brookline+St&state=MA&city=Cambridge
A0078,Match,"115 BAYVIEW AVE, JERSEY CITY, NJ, 07305",Jersey City city,3436000,Hudson County,https://geocoding.geo.census.gov/geocoder/geographies/address?benchmark=Public_AR_Current&vintage=Current_Current&layers=Incorporated+Places%2CCounties&format=json&street=115+BAYVIEW+AVE.&state=NJ&city=Jersey+City&zip=07304
A0079,Match,"2361 PORTLAND ST, LOS ANGELES, CA, 90007",Los Angeles city,0644000,Los Angeles County,https://geocoding.geo.census.gov/geocoder/geographies/address?benchmark=Public_AR_Current&vintage=Current_Current&layers=Incorporated+Places%2CCounties&format=json&street=2361+PORTLAND+ST&state=CA&city=Los+Angeles&zip=90007
A0080,Match,"690 S CATALINA ST, LOS ANGELES, CA, 90005",Los Angeles city,0644000,Los Angeles County,https://geocoding.geo.census.gov/geocoder/geographies/address?benchmark=Public_AR_Current&vintage=Current_Current&layers=Incorporated+Places%2CCounties&format=json&street=690+S+CATALINA+ST&state=CA&city=Los+Angeles&zip=90005
A0081,Match,"145 TAYLOR ST, SAN FRANCISCO, CA, 94102",San Francisco city,0667000,San Francisco County,https://geocoding.geo.census.gov/geocoder/geographies/address?benchmark=Public_AR_Current&vintage=Current_Current&layers=Incorporated+Places%2CCounties&format=json&street=145+TAYLOR+ST&state=CA&city=San+Francisco
A0082,Match,"63 INMAN ST, CAMBRIDGE, MA, 02139",Cambridge city,2511000,Middlesex County,https://geocoding.geo.census.gov/geocoder/geographies/address?benchmark=Public_AR_Current&vintage=Current_Current&layers=Incorporated+Places%2CCounties&format=json&street=63+Inman+St&state=MA&city=Cambridge
A0083,Match,"38 KENILWORTH ST, ROXBURY, MA, 02119",Boston city,2507000,Suffolk County,https://geocoding.geo.census.gov/geocoder/geographies/address?benchmark=Public_AR_Current&vintage=Current_Current&layers=Incorporated+Places%2CCounties&format=json&street=38+KENILWORTH+ST&state=MA&city=Roxbury&zip=02119
A0084,Match,"1725 CHESTNUT ST, SAN FRANCISCO, CA, 94123",San Francisco city,0667000,San Francisco County,https://geocoding.geo.census.gov/geocoder/geographies/address?benchmark=Public_AR_Current&vintage=Current_Current&layers=Incorporated+Places%2CCounties&format=json&street=1725+CHESTNUT+ST&state=CA&city=San+Francisco
A0085,Match,"1101 CHURCH ST, SAN FRANCISCO, CA, 94114",San Francisco city,0667000,San Francisco County,https://geocoding.geo.census.gov/geocoder/geographies/address?benchmark=Public_AR_Current&vintage=Current_Current&layers=Incorporated+Places%2CCounties&format=json&street=1101+CHURCH+ST&state=CA&city=San+Francisco
A0086,Match,"67 PLYMOUTH ST, CAMBRIDGE, MA, 02141",Cambridge city,2511000,Middlesex County,https://geocoding.geo.census.gov/geocoder/geographies/address?benchmark=Public_AR_Current&vintage=Current_Current&layers=Incorporated+Places%2CCounties&format=json&street=67+Plymouth+St&state=MA&city=Cambridge
A0087,Match,"323 BLOOMFIELD ST, HOBOKEN, NJ, 07030",Hoboken city,3432250,Hudson County,https://geocoding.geo.census.gov/geocoder/geographies/address?benchmark=Public_AR_Current&vintage=Current_Current&layers=Incorporated+Places%2CCounties&format=json&street=323+BLOOMFIELD+ST&state=NJ&city=Hoboken&zip=07504
A0088,Match,"201 CLEMENT ST, SAN FRANCISCO, CA, 94118",San Francisco city,0667000,San Francisco County,https://geocoding.geo.census.gov/geocoder/geographies/address?benchmark=Public_AR_Current&vintage=Current_Current&layers=Incorporated+Places%2CCounties&format=json&street=201+CLEMENT+ST&state=CA&city=San+Francisco
A0089,Match,"935 PARK AVE, HOBOKEN, NJ, 07030",Hoboken city,3432250,Hudson County,https://geocoding.geo.census.gov/geocoder/geographies/address?benchmark=Public_AR_Current&vintage=Current_Current&layers=Incorporated+Places%2CCounties&format=json&street=935+PARK+AVE&state=NJ&city=Hoboken&zip=07030
A0090,Match,"30 JACKSON ST, NEWARK, NJ, 07105",Newark city,3451000,Essex County,https://geocoding.geo.census.gov/geocoder/geographies/address?benchmark=Public_AR_Current&vintage=Current_Current&layers=Incorporated+Places%2CCounties&format=json&street=30+JACKSON+ST&state=NJ&city=Newark&zip=07105
A0091,Match,"2229 DWIGHT WAY, BERKELEY, CA, 94704",Berkeley city,0606000,Alameda County,https://geocoding.geo.census.gov/geocoder/geographies/address?benchmark=Public_AR_Current&vintage=Current_Current&layers=Incorporated+Places%2CCounties&format=json&street=2229+DWIGHT+WAY&state=CA&city=Berkeley&zip=94704
A0092,Match,"2514 PIEDMONT AVE, BERKELEY, CA, 94704",Berkeley city,0606000,Alameda County,https://geocoding.geo.census.gov/geocoder/geographies/address?benchmark=Public_AR_Current&vintage=Current_Current&layers=Incorporated+Places%2CCounties&format=json&street=2514+PIEDMONT+AVE&state=CA&city=Berkeley&zip=94704
A0093,Match,"90 BICKFORD ST, JAMAICA PLAIN, MA, 02130",Boston city,2507000,Suffolk County,https://geocoding.geo.census.gov/geocoder/geographies/address?benchmark=Public_AR_Current&vintage=Current_Current&layers=Incorporated+Places%2CCounties&format=json&street=90+BICKFORD+ST&state=MA&city=Jamaica+Plain&zip=02130
A0094,Match,"1371 27TH ST, SAN DIEGO, CA, 92154",San Diego city,0666000,San Diego County,https://geocoding.geo.census.gov/geocoder/geographies/address?benchmark=Public_AR_Current&vintage=Current_Current&layers=Incorporated+Places%2CCounties&format=json&street=1371+27TH+ST&state=CA&city=San+Diego&zip=92154
A0095,Match,"23 ELM ST, CAMBRIDGE, MA, 02139",Cambridge city,2511000,Middlesex County,https://geocoding.geo.census.gov/geocoder/geographies/address?benchmark=Public_AR_Current&vintage=Current_Current&layers=Incorporated+Places%2CCounties&format=json&street=23+Elm+St&state=MA&city=Cambridge
A0096,Match,"81 WESTLAND AVE, BOSTON, MA, 02115",Boston city,2507000,Suffolk County,https://geocoding.geo.census.gov/geocoder/geographies/address?benchmark=Public_AR_Current&vintage=Current_Current&layers=Incorporated+Places%2CCounties&format=json&street=81+WESTLAND+AV&state=MA&city=Boston&zip=02115
A0097,Match,"1560 MASON ST, SAN FRANCISCO, CA, 94133",San Francisco city,0667000,San Francisco County,https://geocoding.geo.census.gov/geocoder/geographies/address?benchmark=Public_AR_Current&vintage=Current_Current&layers=Incorporated+Places%2CCounties&format=json&street=1560+MASON+ST&state=CA&city=San+Francisco
A0098,No_Match,,,,,https://geocoding.geo.census.gov/geocoder/geographies/address?benchmark=Public_AR_Current&vintage=Current_Current&layers=Incorporated+Places%2CCounties&format=json&street=WILLOWWOOD+ST&state=MA&city=Dorchester&zip=02124
A0099,Match,"822 WASHINGTON ST, HOBOKEN, NJ, 07030",Hoboken city,3432250,Hudson County,https://geocoding.geo.census.gov/geocoder/geographies/address?benchmark=Public_AR_Current&vintage=Current_Current&layers=Incorporated+Places%2CCounties&format=json&street=822+WASHINGTON+ST&state=NJ&city=Hoboken&zip=07458
A0100,Match,"4732 BANCROFT ST, SAN DIEGO, CA, 92116",San Diego city,0666000,San Diego County,https://geocoding.geo.census.gov/geocoder/geographies/address?benchmark=Public_AR_Current&vintage=Current_Current&layers=Incorporated+Places%2CCounties&format=json&street=4732+BANCROFT+ST&state=CA&city=San+Diego&zip=92116
A0101,Match,"319 FAIRMOUNT AVE, JERSEY CITY, NJ, 07306",Jersey City city,3436000,Hudson County,https://geocoding.geo.census.gov/geocoder/geographies/address?benchmark=Public_AR_Current&vintage=Current_Current&layers=Incorporated+Places%2CCounties&format=json&street=315-319+FAIRMOUNT+AVENUE&state=NJ&city=Jersey+City&zip=07039
A0102,Match,"124 BLOOMFIELD ST, HOBOKEN, NJ, 07030",Hoboken city,3432250,Hudson County,https://geocoding.geo.census.gov/geocoder/geographies/address?benchmark=Public_AR_Current&vintage=Current_Current&layers=Incorporated+Places%2CCounties&format=json&street=124+BLOOMFIELD+ST&state=NJ&city=Hoboken&zip=10003
A0103,Match,"2161 ALLSTON WAY, BERKELEY, CA, 94704",Berkeley city,0606000,Alameda County,https://geocoding.geo.census.gov/geocoder/geographies/address?benchmark=Public_AR_Current&vintage=Current_Current&layers=Incorporated+Places%2CCounties&format=json&street=2161+ALLSTON+WAY&state=CA&city=Berkeley&zip=94704
A0104,Match,"409 N 5TH ST, NEWARK, NJ, 07107",Newark city,3451000,Essex County,https://geocoding.geo.census.gov/geocoder/geographies/address?benchmark=Public_AR_Current&vintage=Current_Current&layers=Incorporated+Places%2CCounties&format=json&street=409+5TH+ST&state=NJ&city=Newark&zip=07012
A0105,Match,"140 PORTOLA DR, SAN FRANCISCO, CA, 94131",San Francisco city,0667000,San Francisco County,https://geocoding.geo.census.gov/geocoder/geographies/address?benchmark=Public_AR_Current&vintage=Current_Current&layers=Incorporated+Places%2CCounties&format=json&street=140+PORTOLA+DR&state=CA&city=San+Francisco
A0106,Match,"250 FREMONT ST, SAN FRANCISCO, CA, 94105",San Francisco city,0667000,San Francisco County,https://geocoding.geo.census.gov/geocoder/geographies/address?benchmark=Public_AR_Current&vintage=Current_Current&layers=Incorporated+Places%2CCounties&format=json&street=250+FREMONT+ST&state=CA&city=San+Francisco
A0107,Match,"10635 SHERMAN GROVE AVE, SUNLAND, CA, 91040",Los Angeles city,0644000,Los Angeles County,https://geocoding.geo.census.gov/geocoder/geographies/address?benchmark=Public_AR_Current&vintage=Current_Current&layers=Incorporated+Places%2CCounties&format=json&street=10635+SHERMAN+GROVE+AVE&state=CA&city=Los+Angeles&zip=91040
A0108,Match,"13 JEFFERSON AVE, JERSEY CITY, NJ, 07306",Jersey City city,3436000,Hudson County,https://geocoding.geo.census.gov/geocoder/geographies/address?benchmark=Public_AR_Current&vintage=Current_Current&layers=Incorporated+Places%2CCounties&format=json&street=13+JEFFERSON+AVE.&state=NJ&city=Jersey+City&zip=07030
A0109,Match,"2922 OTIS ST, BERKELEY, CA, 94703",Berkeley city,0606000,Alameda County,https://geocoding.geo.census.gov/geocoder/geographies/address?benchmark=Public_AR_Current&vintage=Current_Current&layers=Incorporated+Places%2CCounties&format=json&street=2922+OTIS+ST&state=CA&city=Berkeley&zip=94703
A0110,Match,"132 2ND AVE, NEWARK, NJ, 07104",Newark city,3451000,Essex County,https://geocoding.geo.census.gov/geocoder/geographies/address?benchmark=Public_AR_Current&vintage=Current_Current&layers=Incorporated+Places%2CCounties&format=json&street=130-132+2ND+AVE&state=NJ&city=Newark&zip=07055
A0111,Match,"10075 TUJUNGA CANYON BLVD, TUJUNGA, CA, 91042",Los Angeles city,0644000,Los Angeles County,https://geocoding.geo.census.gov/geocoder/geographies/address?benchmark=Public_AR_Current&vintage=Current_Current&layers=Incorporated+Places%2CCounties&format=json&street=10075+TUJUNGA+CANYON+BLVD&state=CA&city=Los+Angeles&zip=91042
A0112,Match,"448 BRODERICK ST, SAN FRANCISCO, CA, 94117",San Francisco city,0667000,San Francisco County,https://geocoding.geo.census.gov/geocoder/geographies/address?benchmark=Public_AR_Current&vintage=Current_Current&layers=Incorporated+Places%2CCounties&format=json&street=448+BRODERICK+ST&state=CA&city=San+Francisco
A0113,Match,"3151 ETON AVE, BERKELEY, CA, 94705",Berkeley city,0606000,Alameda County,https://geocoding.geo.census.gov/geocoder/geographies/address?benchmark=Public_AR_Current&vintage=Current_Current&layers=Incorporated+Places%2CCounties&format=json&street=3151+ETON+AVE&state=CA&city=Berkeley&zip=94705
A0114,Match,"3743 INDIA ST, SAN DIEGO, CA, 92103",San Diego city,0666000,San Diego County,https://geocoding.geo.census.gov/geocoder/geographies/address?benchmark=Public_AR_Current&vintage=Current_Current&layers=Incorporated+Places%2CCounties&format=json&street=3743+INDIA+ST&state=CA&city=San+Diego&zip=92103
A0115,No_Match,,,,,https://geocoding.geo.census.gov/geocoder/geographies/address?benchmark=Public_AR_Current&vintage=Current_Current&layers=Incorporated+Places%2CCounties&format=json&street=397+05TH+AV&state=CA&city=San+Francisco
A0116,Match,"36 PROSPECT ST, JERSEY CITY, NJ, 07307",Jersey City city,3436000,Hudson County,https://geocoding.geo.census.gov/geocoder/geographies/address?benchmark=Public_AR_Current&vintage=Current_Current&layers=Incorporated+Places%2CCounties&format=json&street=36+PROSPECT+ST.&state=NJ&city=Jersey+City&zip=07111
A0117,Match,"1733 N CHEROKEE AVE, LOS ANGELES, CA, 90028",Los Angeles city,0644000,Los Angeles County,https://geocoding.geo.census.gov/geocoder/geographies/address?benchmark=Public_AR_Current&vintage=Current_Current&layers=Incorporated+Places%2CCounties&format=json&street=1733+N+CHEROKEE+AVE&state=CA&city=Los+Angeles&zip=90028
A0118,Match,"34 KINGBIRD RD, DORCHESTER, MA, 02124",Boston city,2507000,Suffolk County,https://geocoding.geo.census.gov/geocoder/geographies/address?benchmark=Public_AR_Current&vintage=Current_Current&layers=Incorporated+Places%2CCounties&format=json&street=18-34+KINGBIRD+RD&state=MA&city=Dorchester&zip=02124
A0119,Match,"607 ADAMS ST, HOBOKEN, NJ, 07030",Hoboken city,3432250,Hudson County,https://geocoding.geo.census.gov/geocoder/geographies/address?benchmark=Public_AR_Current&vintage=Current_Current&layers=Incorporated+Places%2CCounties&format=json&street=607+ADAMS+ST&state=NJ&city=Hoboken&zip=07030
A0120,Match,"139 ELM ST, NEWARK, NJ, 07105",Newark city,3451000,Essex County,https://geocoding.geo.census.gov/geocoder/geographies/address?benchmark=Public_AR_Current&vintage=Current_Current&layers=Incorporated+Places%2CCounties&format=json&street=139+ELM+ST&state=NJ&city=Newark&zip=07105
A0121,Match,"4079 FRONT ST, SAN DIEGO, CA, 92103",San Diego city,0666000,San Diego County,https://geocoding.geo.census.gov/geocoder/geographies/address?benchmark=Public_AR_Current&vintage=Current_Current&layers=Incorporated+Places%2CCounties&format=json&street=4079+FRONT+ST&state=CA&city=San+Diego&zip=92103
A0122,Match,"4812 S BROADWAY, LOS ANGELES, CA, 90037",Los Angeles city,0644000,Los Angeles County,https://geocoding.geo.census.gov/geocoder/geographies/address?benchmark=Public_AR_Current&vintage=Current_Current&layers=Incorporated+Places%2CCounties&format=json&street=4812+S+BROADWAY&state=CA&city=Los+Angeles&zip=90037
A0123,Match,"123 CONDOR ST, EAST BOSTON, MA, 02128",Boston city,2507000,Suffolk County,https://geocoding.geo.census.gov/geocoder/geographies/address?benchmark=Public_AR_Current&vintage=Current_Current&layers=Incorporated+Places%2CCounties&format=json&street=123+Condor+ST&state=MA&city=East+Boston&zip=02128
A0124,Match,"35 BROOKLINE ST, CAMBRIDGE, MA, 02139",Cambridge city,2511000,Middlesex County,https://geocoding.geo.census.gov/geocoder/geographies/address?benchmark=Public_AR_Current&vintage=Current_Current&layers=Incorporated+Places%2CCounties&format=json&street=33-35+Brookline+St&state=MA&city=Cambridge
A0125,Match,"227 GRAND ST, HOBOKEN, NJ, 07030",Hoboken city,3432250,Hudson County,https://geocoding.geo.census.gov/geocoder/geographies/address?benchmark=Public_AR_Current&vintage=Current_Current&layers=Incorporated+Places%2CCounties&format=json&street=227+GRAND+ST&state=NJ&city=Hoboken&zip=07030
A0126,Match,"1350 POTRERO AVE, SAN FRANCISCO, CA, 94110",San Francisco city,0667000,San Francisco County,https://geocoding.geo.census.gov/geocoder/geographies/address?benchmark=Public_AR_Current&vintage=Current_Current&layers=Incorporated+Places%2CCounties&format=json&street=1350+POTRERO+AV&state=CA&city=San+Francisco
A0127,Match,"10029 N SEPULVEDA BLVD, MISSION HILLS, CA, 91345",Los Angeles city,0644000,Los Angeles County,https://geocoding.geo.census.gov/geocoder/geographies/address?benchmark=Public_AR_Current&vintage=Current_Current&layers=Incorporated+Places%2CCounties&format=json&street=10029+SEPULVEDA+BLVD&state=CA&city=Los+Angeles&zip=91345
A0128,No_Match,,,,,https://geocoding.geo.census.gov/geocoder/geographies/address?benchmark=Public_AR_Current&vintage=Current_Current&layers=Incorporated+Places%2CCounties&format=json&street=Harvard+ST&state=MA&city=Dorchester&zip=02124
A0129,Match,"532 MULBERRY ST, NEWARK, NJ, 07114",Newark city,3451000,Essex County,https://geocoding.geo.census.gov/geocoder/geographies/address?benchmark=Public_AR_Current&vintage=Current_Current&layers=Incorporated+Places%2CCounties&format=json&street=526-532+MULBERRY+ST&state=NJ&city=Newark&zip=07039
A0130,Match (2 candidates; first used),"554 MARKET ST, NEWARK, NJ, 07105",Newark city,3451000,Essex County,https://geocoding.geo.census.gov/geocoder/geographies/address?benchmark=Public_AR_Current&vintage=Current_Current&layers=Incorporated+Places%2CCounties&format=json&street=554+MARKET+ST&state=NJ&city=Newark&zip=07205
A0131,Match,"43 POPLAR ST, JERSEY CITY, NJ, 07307",Jersey City city,3436000,Hudson County,https://geocoding.geo.census.gov/geocoder/geographies/address?benchmark=Public_AR_Current&vintage=Current_Current&layers=Incorporated+Places%2CCounties&format=json&street=43+POPLAR+ST.&state=NJ&city=Jersey+City&zip=07307
A0132,Match,"587 N 6TH ST, NEWARK, NJ, 07107",Newark city,3451000,Essex County,https://geocoding.geo.census.gov/geocoder/geographies/address?benchmark=Public_AR_Current&vintage=Current_Current&layers=Incorporated+Places%2CCounties&format=json&street=587+N+6TH+ST&state=NJ&city=Newark&zip=11205
A0133,Match,"8819 LANKERSHIM BLVD, SUN VALLEY, CA, 91352",Los Angeles city,0644000,Los Angeles County,https://geocoding.geo.census.gov/geocoder/geographies/address?benchmark=Public_AR_Current&vintage=Current_Current&layers=Incorporated+Places%2CCounties&format=json&street=8819+LANKERSHIM+BLVD&state=CA&city=Los+Angeles&zip=91352
A0134,Match,"101 NORFOLK ST, DORCHESTER, MA, 02124",Boston city,2507000,Suffolk County,https://geocoding.geo.census.gov/geocoder/geographies/address?benchmark=Public_AR_Current&vintage=Current_Current&layers=Incorporated+Places%2CCounties&format=json&street=101+Norfolk+ST&state=MA&city=Dorchester&zip=02124
A0135,Match,"843 CLAY ST, SAN FRANCISCO, CA, 94108",San Francisco city,0667000,San Francisco County,https://geocoding.geo.census.gov/geocoder/geographies/address?benchmark=Public_AR_Current&vintage=Current_Current&layers=Incorporated+Places%2CCounties&format=json&street=843+CLAY+ST&state=CA&city=San+Francisco
A0136,Match,"920 HUDSON ST, HOBOKEN, NJ, 07030",Hoboken city,3432250,Hudson County,https://geocoding.geo.census.gov/geocoder/geographies/address?benchmark=Public_AR_Current&vintage=Current_Current&layers=Incorporated+Places%2CCounties&format=json&street=920+HUDSON+ST&state=NJ&city=Hoboken&zip=07030
A0137,Match,"71 NORFOLK ST, NEWARK, NJ, 07103",Newark city,3451000,Essex County,https://geocoding.geo.census.gov/geocoder/geographies/address?benchmark=Public_AR_Current&vintage=Current_Current&layers=Incorporated+Places%2CCounties&format=json&street=65-71+NORFLOK+ST&state=NJ&city=Newark&zip=07003
A0138,Match,"1033 E 51ST ST, LOS ANGELES, CA, 90011",Los Angeles city,0644000,Los Angeles County,https://geocoding.geo.census.gov/geocoder/geographies/address?benchmark=Public_AR_Current&vintage=Current_Current&layers=Incorporated+Places%2CCounties&format=json&street=1033+E+51ST+ST&state=CA&city=Los+Angeles&zip=90011
A0139,Match,"54 STUYVESANT AVE, JERSEY CITY, NJ, 07306",Jersey City city,3436000,Hudson County,https://geocoding.geo.census.gov/geocoder/geographies/address?benchmark=Public_AR_Current&vintage=Current_Current&layers=Incorporated+Places%2CCounties&format=json&street=54+STUYVESANT+AVE.&state=NJ&city=Jersey+City&zip=07042
A0140,Match,"459 BEACON ST, BOSTON, MA, 02115",Boston city,2507000,Suffolk County,https://geocoding.geo.census.gov/geocoder/geographies/address?benchmark=Public_AR_Current&vintage=Current_Current&layers=Incorporated+Places%2CCounties&format=json&street=459+BEACON+ST&state=MA&city=Boston&zip=02115
A0141,Match,"2601 43RD AVE, SAN FRANCISCO, CA, 94116",San Francisco city,0667000,San Francisco County,https://geocoding.geo.census.gov/geocoder/geographies/address?benchmark=Public_AR_Current&vintage=Current_Current&layers=Incorporated+Places%2CCounties&format=json&street=2601+43RD+AV&state=CA&city=San+Francisco
A0142,Match,"4615 AVALON BLVD, LOS ANGELES, CA, 90011",Los Angeles city,0644000,Los Angeles County,https://geocoding.geo.census.gov/geocoder/geographies/address?benchmark=Public_AR_Current&vintage=Current_Current&layers=Incorporated+Places%2CCounties&format=json&street=4615+AVALON+BLVD&state=CA&city=Los+Angeles&zip=90011
A0143,Match,"75 ELM HILL AVE, DORCHESTER, MA, 02121",Boston city,2507000,Suffolk County,https://geocoding.geo.census.gov/geocoder/geographies/address?benchmark=Public_AR_Current&vintage=Current_Current&layers=Incorporated+Places%2CCounties&format=json&street=75+ELM+HILL+AV&state=MA&city=Dorchester&zip=02121
A0144,Match,"114 AMORY ST, ROXBURY, MA, 02119",Boston city,2507000,Suffolk County,https://geocoding.geo.census.gov/geocoder/geographies/address?benchmark=Public_AR_Current&vintage=Current_Current&layers=Incorporated+Places%2CCounties&format=json&street=112-114+Amory+ST&state=MA&city=Roxbury&zip=02119
A0145,Match,"4515 FELTON ST, SAN DIEGO, CA, 92116",San Diego city,0666000,San Diego County,https://geocoding.geo.census.gov/geocoder/geographies/address?benchmark=Public_AR_Current&vintage=Current_Current&layers=Incorporated+Places%2CCounties&format=json&street=4515+FELTON+ST&state=CA&city=San+Diego&zip=92116
A0146,Match,"93-95 HAWKINS ST, NEWARK, NJ, 07105",Newark city,3451000,Essex County,https://geocoding.geo.census.gov/geocoder/geographies/address?benchmark=Public_AR_Current&vintage=Current_Current&layers=Incorporated+Places%2CCounties&format=json&street=93-95+HAWKINS+ST&state=NJ&city=Newark&zip=07105
A0147,Match,"2850 GOLDEN GATE AVE, SAN FRANCISCO, CA, 94118",San Francisco city,0667000,San Francisco County,https://geocoding.geo.census.gov/geocoder/geographies/address?benchmark=Public_AR_Current&vintage=Current_Current&layers=Incorporated+Places%2CCounties&format=json&street=2850+GOLDEN+GATE+AV&state=CA&city=San+Francisco
A0148,Match,"166 5TH ST, NEWARK, NJ, 07107",Newark city,3451000,Essex County,https://geocoding.geo.census.gov/geocoder/geographies/address?benchmark=Public_AR_Current&vintage=Current_Current&layers=Incorporated+Places%2CCounties&format=json&street=162-166+5TH+ST&state=NJ&city=Newark&zip=07105
A0149,Match,"25 EVERETT ST, EAST BOSTON, MA, 02128",Boston city,2507000,Suffolk County,https://geocoding.geo.census.gov/geocoder/geographies/address?benchmark=Public_AR_Current&vintage=Current_Current&layers=Incorporated+Places%2CCounties&format=json&street=25+Everett+ST&state=MA&city=East+Boston&zip=02128
A0150,Match,"3784 BROADWAY, SAN DIEGO, CA, 92102",San Diego city,0666000,San Diego County,https://geocoding.geo.census.gov/geocoder/geographies/address?benchmark=Public_AR_Current&vintage=Current_Current&layers=Incorporated+Places%2CCounties&format=json&street=3784+E+BROADWAY&state=CA&city=San+Diego&zip=92102
A0151,Match,"16 QUEENSBERRY ST, BOSTON, MA, 02215",Boston city,2507000,Suffolk County,https://geocoding.geo.census.gov/geocoder/geographies/address?benchmark=Public_AR_Current&vintage=Current_Current&layers=Incorporated+Places%2CCounties&format=json&street=16+Queensberry+ST&state=MA&city=Boston&zip=02215
A0152,Match,"1669 SUNSET CLIFFS BLVD, SAN DIEGO, CA, 92107",San Diego city,0666000,San Diego County,https://geocoding.geo.census.gov/geocoder/geographies/address?benchmark=Public_AR_Current&vintage=Current_Current&layers=Incorporated+Places%2CCounties&format=json&street=1669+SUNSET+CLIFFS+BLVD&state=CA&city=San+Diego&zip=92107
A0153,Match,"366 E 55TH ST, LOS ANGELES, CA, 90011",Los Angeles city,0644000,Los Angeles County,https://geocoding.geo.census.gov/geocoder/geographies/address?benchmark=Public_AR_Current&vintage=Current_Current&layers=Incorporated+Places%2CCounties&format=json&street=366+E+55TH+ST&state=CA&city=Los+Angeles&zip=90011
A0154,Match,"4568 IDAHO ST, SAN DIEGO, CA, 92116",San Diego city,0666000,San Diego County,https://geocoding.geo.census.gov/geocoder/geographies/address?benchmark=Public_AR_Current&vintage=Current_Current&layers=Incorporated+Places%2CCounties&format=json&street=4568+IDAHO+ST&state=CA&city=San+Diego&zip=92116
A0155,Match,"473 HARVARD ST, DORCHESTER, MA, 02124",Boston city,2507000,Suffolk County,https://geocoding.geo.census.gov/geocoder/geographies/address?benchmark=Public_AR_Current&vintage=Current_Current&layers=Incorporated+Places%2CCounties&format=json&street=473+Harvard+ST&state=MA&city=Dorchester&zip=02124
A0156,Match (2 candidates; first used),"290 GREEN ST, SAN FRANCISCO, CA, 94111",San Francisco city,0667000,San Francisco County,https://geocoding.geo.census.gov/geocoder/geographies/address?benchmark=Public_AR_Current&vintage=Current_Current&layers=Incorporated+Places%2CCounties&format=json&street=290+GREEN+ST&state=CA&city=San+Francisco
A0157,Match,"2701 RIDGE RD, BERKELEY, CA, 94709",Berkeley city,0606000,Alameda County,https://geocoding.geo.census.gov/geocoder/geographies/address?benchmark=Public_AR_Current&vintage=Current_Current&layers=Incorporated+Places%2CCounties&format=json&street=2701+RIDGE+RD&state=CA&city=Berkeley&zip=94709
A0158,Match,"2522 HILGARD AVE, BERKELEY, CA, 94709",Berkeley city,0606000,Alameda County,https://geocoding.geo.census.gov/geocoder/geographies/address?benchmark=Public_AR_Current&vintage=Current_Current&layers=Incorporated+Places%2CCounties&format=json&street=2522+HILGARD+AVE&state=CA&city=Berkeley&zip=94709
A0159,Match,"104 SUNSET AVE, NEWARK, NJ, 07106",Newark city,3451000,Essex County,https://geocoding.geo.census.gov/geocoder/geographies/address?benchmark=Public_AR_Current&vintage=Current_Current&layers=Incorporated+Places%2CCounties&format=json&street=104+SUNSET+AVE&state=NJ&city=Newark&zip=11211
A0160,Match,"86 CHARLES ST, JERSEY CITY, NJ, 07307",Jersey City city,3436000,Hudson County,https://geocoding.geo.census.gov/geocoder/geographies/address?benchmark=Public_AR_Current&vintage=Current_Current&layers=Incorporated+Places%2CCounties&format=json&street=86+CHARLES+ST.&state=NJ&city=Jersey+City&zip=07642
A0161,Match,"317 UNION ST, JERSEY CITY, NJ, 07304",Jersey City city,3436000,Hudson County,https://geocoding.geo.census.gov/geocoder/geographies/address?benchmark=Public_AR_Current&vintage=Current_Current&layers=Incorporated+Places%2CCounties&format=json&street=317+UNION+ST.&state=NJ&city=Jersey+City&zip=07013
A0162,Match,"1640 N POINSETTIA PL, LOS ANGELES, CA, 90046",Los Angeles city,0644000,Los Angeles County,https://geocoding.geo.census.gov/geocoder/geographies/address?benchmark=Public_AR_Current&vintage=Current_Current&layers=Incorporated+Places%2CCounties&format=json&street=1640+N+POINSETTIA+PL&state=CA&city=Los+Angeles&zip=90046
A0163,Match,"235 2ND ST, JERSEY CITY, NJ, 07302",Jersey City city,3436000,Hudson County,https://geocoding.geo.census.gov/geocoder/geographies/address?benchmark=Public_AR_Current&vintage=Current_Current&layers=Incorporated+Places%2CCounties&format=json&street=233-235+SECOND+ST.&state=NJ&city=Jersey+City&zip=07042
A0164,Match,"725 14TH ST, SAN FRANCISCO, CA, 94114",San Francisco city,0667000,San Francisco County,https://geocoding.geo.census.gov/geocoder/geographies/address?benchmark=Public_AR_Current&vintage=Current_Current&layers=Incorporated+Places%2CCounties&format=json&street=725+14TH+ST&state=CA&city=San+Francisco
A0165,Match,"734 JAMAICA CT, SAN DIEGO, CA, 92109",San Diego city,0666000,San Diego County,https://geocoding.geo.census.gov/geocoder/geographies/address?benchmark=Public_AR_Current&vintage=Current_Current&layers=Incorporated+Places%2CCounties&format=json&street=734+JAMAICA+CT&state=CA&city=San+Diego&zip=92109
A0166,Match,"1 POTTER PARK, CAMBRIDGE, MA, 02138",Cambridge city,2511000,Middlesex County,https://geocoding.geo.census.gov/geocoder/geographies/address?benchmark=Public_AR_Current&vintage=Current_Current&layers=Incorporated+Places%2CCounties&format=json&street=1+Potter+Pk&state=MA&city=Cambridge
A0167,Match,"4616 FLORIDA ST, SAN DIEGO, CA, 92116",San Diego city,0666000,San Diego County,https://geocoding.geo.census.gov/geocoder/geographies/address?benchmark=Public_AR_Current&vintage=Current_Current&layers=Incorporated+Places%2CCounties&format=json&street=4616+FLORIDA+ST&state=CA&city=San+Diego&zip=92116
A0168,No_Match,,,,,https://geocoding.geo.census.gov/geocoder/geographies/address?benchmark=Public_AR_Current&vintage=Current_Current&layers=Incorporated+Places%2CCounties&format=json&street=600+JACKSON%2F601+HARRISON&state=NJ&city=Hoboken&zip=07030
A0169,Match,"115 KILSYTH RD, BRIGHTON, MA, 02135",Boston city,2507000,Suffolk County,https://geocoding.geo.census.gov/geocoder/geographies/address?benchmark=Public_AR_Current&vintage=Current_Current&layers=Incorporated+Places%2CCounties&format=json&street=115+KILSYTH+RD&state=MA&city=Brighton&zip=02135
A0170,Match,"8917 CEDROS AVE, PANORAMA CITY, CA, 91402",Los Angeles city,0644000,Los Angeles County,https://geocoding.geo.census.gov/geocoder/geographies/address?benchmark=Public_AR_Current&vintage=Current_Current&layers=Incorporated+Places%2CCounties&format=json&street=8917+CEDROS+AVE&state=CA&city=Los+Angeles&zip=91402
A0171,Match,"127 OGDEN AVE, JERSEY CITY, NJ, 07307",Jersey City city,3436000,Hudson County,https://geocoding.geo.census.gov/geocoder/geographies/address?benchmark=Public_AR_Current&vintage=Current_Current&layers=Incorporated+Places%2CCounties&format=json&street=127+OGDEN+AVE.&state=NJ&city=Jersey+City&zip=07660
A0172,Match,"8504 WILLIS AVE, PANORAMA CITY, CA, 91402",Los Angeles city,0644000,Los Angeles County,https://geocoding.geo.census.gov/geocoder/geographies/address?benchmark=Public_AR_Current&vintage=Current_Current&layers=Incorporated+Places%2CCounties&format=json&street=8504+WILLIS+AVE&state=CA&city=Los+Angeles&zip=91402
A0173,Match,"13180 FOOTHILL BLVD, SYLMAR, CA, 91342",Los Angeles city,0644000,Los Angeles County,https://geocoding.geo.census.gov/geocoder/geographies/address?benchmark=Public_AR_Current&vintage=Current_Current&layers=Incorporated+Places%2CCounties&format=json&street=13180+FOOTHILL+BLVD&state=CA&city=Los+Angeles&zip=91342
A0174,Match,"84 HAMPSHIRE ST, CAMBRIDGE, MA, 02139",Cambridge city,2511000,Middlesex County,https://geocoding.geo.census.gov/geocoder/geographies/address?benchmark=Public_AR_Current&vintage=Current_Current&layers=Incorporated+Places%2CCounties&format=json&street=84+Hampshire+St&state=MA&city=Cambridge
A0175,Match,"10 DOVER ST, CAMBRIDGE, MA, 02140",Cambridge city,2511000,Middlesex County,https://geocoding.geo.census.gov/geocoder/geographies/address?benchmark=Public_AR_Current&vintage=Current_Current&layers=Incorporated+Places%2CCounties&format=json&street=10+Dover+St&state=MA&city=Cambridge
A0176,Match,"15 CHESTER ST, CAMBRIDGE, MA, 02140",Cambridge city,2511000,Middlesex County,https://geocoding.geo.census.gov/geocoder/geographies/address?benchmark=Public_AR_Current&vintage=Current_Current&layers=Incorporated+Places%2CCounties&format=json&street=15+Chester+St&state=MA&city=Cambridge
A0177,Match,"166 HIGHLAND AVE, JERSEY CITY, NJ, 07306",Jersey City city,3436000,Hudson County,https://geocoding.geo.census.gov/geocoder/geographies/address?benchmark=Public_AR_Current&vintage=Current_Current&layers=Incorporated+Places%2CCounties&format=json&street=166+HIGHLAND+AVE.&state=NJ&city=Jersey+City&zip=11201
A0178,Match,"5308 RIVERTON AVE, NORTH HOLLYWOOD, CA, 91601",Los Angeles city,0644000,Los Angeles County,https://geocoding.geo.census.gov/geocoder/geographies/address?benchmark=Public_AR_Current&vintage=Current_Current&layers=Incorporated+Places%2CCounties&format=json&street=5308+RIVERTON+AVE&state=CA&city=Los+Angeles&zip=91601
A0179,Match,"7006 LANEWOOD AVE, LOS ANGELES, CA, 90028",Los Angeles city,0644000,Los Angeles County,https://geocoding.geo.census.gov/geocoder/geographies/address?benchmark=Public_AR_Current&vintage=Current_Current&layers=Incorporated+Places%2CCounties&format=json&street=7006+LANEWOOD+AVE&state=CA&city=Los+Angeles&zip=90028
A0180,Match,"845 S KINGSLEY DR, LOS ANGELES, CA, 90005",Los Angeles city,0644000,Los Angeles County,https://geocoding.geo.census.gov/geocoder/geographies/address?benchmark=Public_AR_Current&vintage=Current_Current&layers=Incorporated+Places%2CCounties&format=json&street=845+S+KINGSLEY+DR&state=CA&city=Los+Angeles&zip=90005
A0181,Match,"931 GARDEN ST, HOBOKEN, NJ, 07030",Hoboken city,3432250,Hudson County,https://geocoding.geo.census.gov/geocoder/geographies/address?benchmark=Public_AR_Current&vintage=Current_Current&layers=Incorporated+Places%2CCounties&format=json&street=931+GARDEN+ST&state=NJ&city=Hoboken&zip=07030
A0182,Match,"923 CLINTON ST, HOBOKEN, NJ, 07030",Hoboken city,3432250,Hudson County,https://geocoding.geo.census.gov/geocoder/geographies/address?benchmark=Public_AR_Current&vintage=Current_Current&layers=Incorporated+Places%2CCounties&format=json&street=911-923+CLINTON+ST&state=NJ&city=Hoboken&zip=07030
A0183,Match,"2427 HILGARD AVE, BERKELEY, CA, 94709",Berkeley city,0606000,Alameda County,https://geocoding.geo.census.gov/geocoder/geographies/address?benchmark=Public_AR_Current&vintage=Current_Current&layers=Incorporated+Places%2CCounties&format=json&street=2427+HILGARD+AVE&state=CA&city=Berkeley&zip=94709
A0184,Match,"156 W 32ND ST, LOS ANGELES, CA, 90007",Los Angeles city,0644000,Los Angeles County,https://geocoding.geo.census.gov/geocoder/geographies/address?benchmark=Public_AR_Current&vintage=Current_Current&layers=Incorporated+Places%2CCounties&format=json&street=156+W+32ND+ST&state=CA&city=Los+Angeles&zip=90007
A0185,Match,"154 TERHUNE AVE, JERSEY CITY, NJ, 07305",Jersey City city,3436000,Hudson County,https://geocoding.geo.census.gov/geocoder/geographies/address?benchmark=Public_AR_Current&vintage=Current_Current&layers=Incorporated+Places%2CCounties&format=json&street=154+TERHUNE+AVE.&state=NJ&city=Jersey+City&zip=07103
A0186,Match,"107 BEACON AVE, JERSEY CITY, NJ, 07306",Jersey City city,3436000,Hudson County,https://geocoding.geo.census.gov/geocoder/geographies/address?benchmark=Public_AR_Current&vintage=Current_Current&layers=Incorporated+Places%2CCounties&format=json&street=107+BEACON+AVE.&state=NJ&city=Jersey+City&zip=07306
A0187,Match,"146 CARLTON AVE, JERSEY CITY, NJ, 07306",Jersey City city,3436000,Hudson County,https://geocoding.geo.census.gov/geocoder/geographies/address?benchmark=Public_AR_Current&vintage=Current_Current&layers=Incorporated+Places%2CCounties&format=json&street=146+CARLTON+AVE.&state=NJ&city=Jersey+City&zip=07423
A0188,Match,"2819 MCGEE AVE, BERKELEY, CA, 94703",Berkeley city,0606000,Alameda County,https://geocoding.geo.census.gov/geocoder/geographies/address?benchmark=Public_AR_Current&vintage=Current_Current&layers=Incorporated+Places%2CCounties&format=json&street=2819+MCGEE+AVE&state=CA&city=Berkeley&zip=94703
A0189,Match,"1811 CARLETON ST, BERKELEY, CA, 94703",Berkeley city,0606000,Alameda County,https://geocoding.geo.census.gov/geocoder/geographies/address?benchmark=Public_AR_Current&vintage=Current_Current&layers=Incorporated+Places%2CCounties&format=json&street=1811+CARLETON+ST&state=CA&city=Berkeley&zip=94703
A0190,Match,"283 ADAMS ST, NEWARK, NJ, 07105",Newark city,3451000,Essex County,https://geocoding.geo.census.gov/geocoder/geographies/address?benchmark=Public_AR_Current&vintage=Current_Current&layers=Incorporated+Places%2CCounties&format=json&street=283+ADAMS+ST&state=NJ&city=Newark&zip=07105
A0191,Match,"60 KIRKLAND ST, CAMBRIDGE, MA, 02138",Cambridge city,2511000,Middlesex County,https://geocoding.geo.census.gov/geocoder/geographies/address?benchmark=Public_AR_Current&vintage=Current_Current&layers=Incorporated+Places%2CCounties&format=json&street=60+Kirkland+St&state=MA&city=Cambridge
A0192,Match,"780 POST ST, SAN FRANCISCO, CA, 94109",San Francisco city,0667000,San Francisco County,https://geocoding.geo.census.gov/geocoder/geographies/address?benchmark=Public_AR_Current&vintage=Current_Current&layers=Incorporated+Places%2CCounties&format=json&street=780+POST+ST&state=CA&city=San+Francisco
A0193,Match,"1626 BONITA AVE, BERKELEY, CA, 94709",Berkeley city,0606000,Alameda County,https://geocoding.geo.census.gov/geocoder/geographies/address?benchmark=Public_AR_Current&vintage=Current_Current&layers=Incorporated+Places%2CCounties&format=json&street=1626+BONITA+AVE&state=CA&city=Berkeley&zip=94709
A0194,Match,"72 BURBANK ST, BOSTON, MA, 02115",Boston city,2507000,Suffolk County,https://geocoding.geo.census.gov/geocoder/geographies/address?benchmark=Public_AR_Current&vintage=Current_Current&layers=Incorporated+Places%2CCounties&format=json&street=72+Burbank+ST&state=MA&city=Boston&zip=02115
A0195,Match,"1848 COMMONWEALTH AVE, BRIGHTON, MA, 02135",Boston city,2507000,Suffolk County,https://geocoding.geo.census.gov/geocoder/geographies/address?benchmark=Public_AR_Current&vintage=Current_Current&layers=Incorporated+Places%2CCounties&format=json&street=1850-1848+COMMONWEALTH+AV&state=MA&city=Brighton&zip=02135
A0196,Match,"16915 BLACKHAWK ST, GRANADA HILLS, CA, 91344",Los Angeles city,0644000,Los Angeles County,https://geocoding.geo.census.gov/geocoder/geographies/address?benchmark=Public_AR_Current&vintage=Current_Current&layers=Incorporated+Places%2CCounties&format=json&street=16915+BLACKHAWK+ST&state=CA&city=Los+Angeles&zip=91344
A0197,Match,"1611 62ND ST, BERKELEY, CA, 94703",Berkeley city,0606000,Alameda County,https://geocoding.geo.census.gov/geocoder/geographies/address?benchmark=Public_AR_Current&vintage=Current_Current&layers=Incorporated+Places%2CCounties&format=json&street=1611+62ND+ST&state=CA&city=Berkeley&zip=94703
A0198,Match,"194 HAVRE ST, EAST BOSTON, MA, 02128",Boston city,2507000,Suffolk County,https://geocoding.geo.census.gov/geocoder/geographies/address?benchmark=Public_AR_Current&vintage=Current_Current&layers=Incorporated+Places%2CCounties&format=json&street=194+Havre+ST&state=MA&city=East+Boston&zip=02128
A0199,Match,"42 BAY STATE RD, CAMBRIDGE, MA, 02138",Cambridge city,2511000,Middlesex County,https://geocoding.geo.census.gov/geocoder/geographies/address?benchmark=Public_AR_Current&vintage=Current_Current&layers=Incorporated+Places%2CCounties&format=json&street=42+Bay+State+Rd&state=MA&city=Cambridge
A0200,Match,"1853 N HIGHLAND AVE, LOS ANGELES, CA, 90028",Los Angeles city,0644000,Los Angeles County,https://geocoding.geo.census.gov/geocoder/geographies/address?benchmark=Public_AR_Current&vintage=Current_Current&layers=Incorporated+Places%2CCounties&format=json&street=1853+N+HIGHLAND+AVE&state=CA&city=Los+Angeles&zip=90028
A0201,Match,"2737 BENVENUE AVE, BERKELEY, CA, 94705",Berkeley city,0606000,Alameda County,https://geocoding.geo.census.gov/geocoder/geographies/address?benchmark=Public_AR_Current&vintage=Current_Current&layers=Incorporated+Places%2CCounties&format=json&street=2737+BENVENUE+AVE&state=CA&city=Berkeley&zip=94705
A0202,Match,"1446 JACKSON ST, SAN FRANCISCO, CA, 94109",San Francisco city,0667000,San Francisco County,https://geocoding.geo.census.gov/geocoder/geographies/address?benchmark=Public_AR_Current&vintage=Current_Current&layers=Incorporated+Places%2CCounties&format=json&street=1446+JACKSON+ST&state=CA&city=San+Francisco
A0203,Match,"2930 WASHINGTON ST, ROXBURY, MA, 02119",Boston city,2507000,Suffolk County,https://geocoding.geo.census.gov/geocoder/geographies/address?benchmark=Public_AR_Current&vintage=Current_Current&layers=Incorporated+Places%2CCounties&format=json&street=2986-2930+Washington+ST&state=MA&city=Roxbury&zip=02119
A0204,Match,"208 6TH AVE W, NEWARK, NJ, 07107",Newark city,3451000,Essex County,https://geocoding.geo.census.gov/geocoder/geographies/address?benchmark=Public_AR_Current&vintage=Current_Current&layers=Incorporated+Places%2CCounties&format=json&street=202-208+6TH+AVE+W&state=NJ&city=Newark&zip=08736
A0205,Match,"2425 GRANT ST, BERKELEY, CA, 94703",Berkeley city,0606000,Alameda County,https://geocoding.geo.census.gov/geocoder/geographies/address?benchmark=Public_AR_Current&vintage=Current_Current&layers=Incorporated+Places%2CCounties&format=json&street=2425+GRANT+ST&state=CA&city=Berkeley&zip=94703
A0206,Match,"401 43RD AVE, SAN FRANCISCO, CA, 94121",San Francisco city,0667000,San Francisco County,https://geocoding.geo.census.gov/geocoder/geographies/address?benchmark=Public_AR_Current&vintage=Current_Current&layers=Incorporated+Places%2CCounties&format=json&street=401+43RD+AV&state=CA&city=San+Francisco
A0207,Match,"705 W 23RD ST, LOS ANGELES, CA, 90007",Los Angeles city,0644000,Los Angeles County,https://geocoding.geo.census.gov/geocoder/geographies/address?benchmark=Public_AR_Current&vintage=Current_Current&layers=Incorporated+Places%2CCounties&format=json&street=705+W+23RD+ST&state=CA&city=Los+Angeles&zip=90007
A0208,Match,"126 ADAMS ST, HOBOKEN, NJ, 07030",Hoboken city,3432250,Hudson County,https://geocoding.geo.census.gov/geocoder/geographies/address?benchmark=Public_AR_Current&vintage=Current_Current&layers=Incorporated+Places%2CCounties&format=json&street=126+ADAMS+ST&state=NJ&city=Hoboken&zip=07604
A0209,Match,"19 TROWBRIDGE ST, CAMBRIDGE, MA, 02138",Cambridge city,2511000,Middlesex County,https://geocoding.geo.census.gov/geocoder/geographies/address?benchmark=Public_AR_Current&vintage=Current_Current&layers=Incorporated+Places%2CCounties&format=json&street=19+Trowbridge+St&state=MA&city=Cambridge
A0210,Match,"1432 N CURSON AVE, LOS ANGELES, CA, 90046",Los Angeles city,0644000,Los Angeles County,https://geocoding.geo.census.gov/geocoder/geographies/address?benchmark=Public_AR_Current&vintage=Current_Current&layers=Incorporated+Places%2CCounties&format=json&street=1432+N+CURSON+AVE&state=CA&city=Los+Angeles&zip=90046
A0211,Match,"499 BEACON ST, BOSTON, MA, 02215",Boston city,2507000,Suffolk County,https://geocoding.geo.census.gov/geocoder/geographies/address?benchmark=Public_AR_Current&vintage=Current_Current&layers=Incorporated+Places%2CCounties&format=json&street=499+BEACON+ST&state=MA&city=Boston&zip=02215
A0212,Match,"1311 S VAN NESS AVE, SAN FRANCISCO, CA, 94110",San Francisco city,0667000,San Francisco County,https://geocoding.geo.census.gov/geocoder/geographies/address?benchmark=Public_AR_Current&vintage=Current_Current&layers=Incorporated+Places%2CCounties&format=json&street=1311+SOUTH+VAN+NESS+AV&state=CA&city=San+Francisco
A0213,Match,"11649 ACAMA ST, STUDIO CITY, CA, 91604",Los Angeles city,0644000,Los Angeles County,https://geocoding.geo.census.gov/geocoder/geographies/address?benchmark=Public_AR_Current&vintage=Current_Current&layers=Incorporated+Places%2CCounties&format=json&street=11649+ACAMA+ST&state=CA&city=Los+Angeles&zip=91604
A0214,Match,"358 HARVARD ST, CAMBRIDGE, MA, 02138",Cambridge city,2511000,Middlesex County,https://geocoding.geo.census.gov/geocoder/geographies/address?benchmark=Public_AR_Current&vintage=Current_Current&layers=Incorporated+Places%2CCounties&format=json&street=358+Harvard+St&state=MA&city=Cambridge
A0215,Match,"2295 CALIFORNIA ST, SAN FRANCISCO, CA, 94115",San Francisco city,0667000,San Francisco County,https://geocoding.geo.census.gov/geocoder/geographies/address?benchmark=Public_AR_Current&vintage=Current_Current&layers=Incorporated+Places%2CCounties&format=json&street=2295+CALIFORNIA+ST&state=CA&city=San+Francisco
A0216,Match,"2309 HASTE ST, BERKELEY, CA, 94704",Berkeley city,0606000,Alameda County,https://geocoding.geo.census.gov/geocoder/geographies/address?benchmark=Public_AR_Current&vintage=Current_Current&layers=Incorporated+Places%2CCounties&format=json&street=2309+HASTE+ST&state=CA&city=Berkeley&zip=94704
A0217,Match,"172 MAVERICK ST, EAST BOSTON, MA, 02128",Boston city,2507000,Suffolk County,https://geocoding.geo.census.gov/geocoder/geographies/address?benchmark=Public_AR_Current&vintage=Current_Current&layers=Incorporated+Places%2CCounties&format=json&street=170-172+Maverick+ST&state=MA&city=East+Boston&zip=02128
A0218,Match,"15 RICHDALE AVE, CAMBRIDGE, MA, 02140",Cambridge city,2511000,Middlesex County,https://geocoding.geo.census.gov/geocoder/geographies/address?benchmark=Public_AR_Current&vintage=Current_Current&layers=Incorporated+Places%2CCounties&format=json&street=15+Richdale+Ave&state=MA&city=Cambridge
A0219,Match,"3735 32ND ST, SAN DIEGO, CA, 92104",San Diego city,0666000,San Diego County,https://geocoding.geo.census.gov/geocoder/geographies/address?benchmark=Public_AR_Current&vintage=Current_Current&layers=Incorporated+Places%2CCounties&format=json&street=3735+32ND+ST&state=CA&city=San+Diego&zip=92104
A0220,Match,"23 FAULKNER ST, DORCHESTER, MA, 02122",Boston city,2507000,Suffolk County,https://geocoding.geo.census.gov/geocoder/geographies/address?benchmark=Public_AR_Current&vintage=Current_Current&layers=Incorporated+Places%2CCounties&format=json&street=21-23+Faulkner+ST&state=MA&city=Dorchester&zip=02122
A0221,Match,"191 PARK DR, BOSTON, MA, 02215",Boston city,2507000,Suffolk County,https://geocoding.geo.census.gov/geocoder/geographies/address?benchmark=Public_AR_Current&vintage=Current_Current&layers=Incorporated+Places%2CCounties&format=json&street=191+Park+DR&state=MA&city=Boston&zip=02215
A0222,Match,"1901 VALLEJO ST, SAN FRANCISCO, CA, 94123",San Francisco city,0667000,San Francisco County,https://geocoding.geo.census.gov/geocoder/geographies/address?benchmark=Public_AR_Current&vintage=Current_Current&layers=Incorporated+Places%2CCounties&format=json&street=1901+VALLEJO+ST&state=CA&city=San+Francisco
A0223,Match,"504 COURT ST, HOBOKEN, NJ, 07030",Hoboken city,3432250,Hudson County,https://geocoding.geo.census.gov/geocoder/geographies/address?benchmark=Public_AR_Current&vintage=Current_Current&layers=Incorporated+Places%2CCounties&format=json&street=504+COURT+ST&state=NJ&city=Hoboken&zip=07030
A0224,Match,"8727 TOBIAS AVE, PANORAMA CITY, CA, 91402",Los Angeles city,0644000,Los Angeles County,https://geocoding.geo.census.gov/geocoder/geographies/address?benchmark=Public_AR_Current&vintage=Current_Current&layers=Incorporated+Places%2CCounties&format=json&street=8727+TOBIAS+AVE&state=CA&city=Los+Angeles&zip=91402
A0225,Match,"1627 JACKSON ST, SAN FRANCISCO, CA, 94109",San Francisco city,0667000,San Francisco County,https://geocoding.geo.census.gov/geocoder/geographies/address?benchmark=Public_AR_Current&vintage=Current_Current&layers=Incorporated+Places%2CCounties&format=json&street=1627+JACKSON+ST&state=CA&city=San+Francisco
A0226,Match,"663 MASSACHUSETTS AVE, BOSTON, MA, 02118",Boston city,2507000,Suffolk County,https://geocoding.geo.census.gov/geocoder/geographies/address?benchmark=Public_AR_Current&vintage=Current_Current&layers=Incorporated+Places%2CCounties&format=json&street=663+MASSACHUSETTS+AV&state=MA&city=Boston&zip=02118
A0227,Match,"1401 HUDSON ST, HOBOKEN, NJ, 07030",Hoboken city,3432250,Hudson County,https://geocoding.geo.census.gov/geocoder/geographies/address?benchmark=Public_AR_Current&vintage=Current_Current&layers=Incorporated+Places%2CCounties&format=json&street=1401+HUDSON+ST&state=NJ&city=Hoboken&zip=07030
A0228,Match,"225 COLLINGWOOD ST, SAN FRANCISCO, CA, 94114",San Francisco city,0667000,San Francisco County,https://geocoding.geo.census.gov/geocoder/geographies/address?benchmark=Public_AR_Current&vintage=Current_Current&layers=Incorporated+Places%2CCounties&format=json&street=225+COLLINGWOOD+ST&state=CA&city=San+Francisco
A0229,No_Match,,,,,https://geocoding.geo.census.gov/geocoder/geographies/address?benchmark=Public_AR_Current&vintage=Current_Current&layers=Incorporated+Places%2CCounties&format=json&street=5164+03RD+ST&state=CA&city=San+Francisco
A0230,Match,"85 HANCOCK ST, CAMBRIDGE, MA, 02139",Cambridge city,2511000,Middlesex County,https://geocoding.geo.census.gov/geocoder/geographies/address?benchmark=Public_AR_Current&vintage=Current_Current&layers=Incorporated+Places%2CCounties&format=json&street=85+Hancock+St&state=MA&city=Cambridge
A0231,Match,"521 ARGUELLO BLVD, SAN FRANCISCO, CA, 94118",San Francisco city,0667000,San Francisco County,https://geocoding.geo.census.gov/geocoder/geographies/address?benchmark=Public_AR_Current&vintage=Current_Current&layers=Incorporated+Places%2CCounties&format=json&street=521+ARGUELLO+BL&state=CA&city=San+Francisco
A0232,Match,"189 3RD ST, CAMBRIDGE, MA, 02141",Cambridge city,2511000,Middlesex County,https://geocoding.geo.census.gov/geocoder/geographies/address?benchmark=Public_AR_Current&vintage=Current_Current&layers=Incorporated+Places%2CCounties&format=json&street=189+Third+St&state=MA&city=Cambridge
A0233,Match,"30 MEDFIELD ST, BOSTON, MA, 02215",Boston city,2507000,Suffolk County,https://geocoding.geo.census.gov/geocoder/geographies/address?benchmark=Public_AR_Current&vintage=Current_Current&layers=Incorporated+Places%2CCounties&format=json&street=30+MEDFIELD+ST&state=MA&city=Boston&zip=02215
A0234,Match,"2212 BLAKE ST, BERKELEY, CA, 94704",Berkeley city,0606000,Alameda County,https://geocoding.geo.census.gov/geocoder/geographies/address?benchmark=Public_AR_Current&vintage=Current_Current&layers=Incorporated+Places%2CCounties&format=json&street=2212+BLAKE+ST&state=CA&city=Berkeley&zip=94704
A0235,Match,"6736 SELMA AVE, LOS ANGELES, CA, 90028",Los Angeles city,0644000,Los Angeles County,https://geocoding.geo.census.gov/geocoder/geographies/address?benchmark=Public_AR_Current&vintage=Current_Current&layers=Incorporated+Places%2CCounties&format=json&street=6736+SELMA+AVE&state=CA&city=Los+Angeles&zip=90028
A0236,Match,"1110 JACKSON ST, SAN FRANCISCO, CA, 94133",San Francisco city,0667000,San Francisco County,https://geocoding.geo.census.gov/geocoder/geographies/address?benchmark=Public_AR_Current&vintage=Current_Current&layers=Incorporated+Places%2CCounties&format=json&street=1110+JACKSON+ST&state=CA&city=San+Francisco
A0237,Match,"36 VALLEY ST, SAN FRANCISCO, CA, 94110",San Francisco city,0667000,San Francisco County,https://geocoding.geo.census.gov/geocoder/geographies/address?benchmark=Public_AR_Current&vintage=Current_Current&layers=Incorporated+Places%2CCounties&format=json&street=36+VALLEY+ST&state=CA&city=San+Francisco
A0238,Match,"15256 ACRE ST, NORTH HILLS, CA, 91343",Los Angeles city,0644000,Los Angeles County,https://geocoding.geo.census.gov/geocoder/geographies/address?benchmark=Public_AR_Current&vintage=Current_Current&layers=Incorporated+Places%2CCounties&format=json&street=15256+ACRE+ST&state=CA&city=Los+Angeles&zip=91343
A0239,Match,"1476 UNIVERSITY AVE, BERKELEY, CA, 94702",Berkeley city,0606000,Alameda County,https://geocoding.geo.census.gov/geocoder/geographies/address?benchmark=Public_AR_Current&vintage=Current_Current&layers=Incorporated+Places%2CCounties&format=json&street=1476+UNIVERSITY+AVE&state=CA&city=Berkeley&zip=94702
A0240,Match,"4135 38TH ST, SAN DIEGO, CA, 92105",San Diego city,0666000,San Diego County,https://geocoding.geo.census.gov/geocoder/geographies/address?benchmark=Public_AR_Current&vintage=Current_Current&layers=Incorporated+Places%2CCounties&format=json&street=4135+38TH+ST&state=CA&city=San+Diego&zip=92105
A0241,Match,"913 GARDEN ST, HOBOKEN, NJ, 07030",Hoboken city,3432250,Hudson County,https://geocoding.geo.census.gov/geocoder/geographies/address?benchmark=Public_AR_Current&vintage=Current_Current&layers=Incorporated+Places%2CCounties&format=json&street=913+GARDEN+ST&state=NJ&city=Hoboken&zip=07030
A0242,Match,"87 SIERRA RD, HYDE PARK, MA, 02136",Boston city,2507000,Suffolk County,https://geocoding.geo.census.gov/geocoder/geographies/address?benchmark=Public_AR_Current&vintage=Current_Current&layers=Incorporated+Places%2CCounties&format=json&street=85-87+SIERRA+RD&state=MA&city=Hyde+Park&zip=02136
A0243,Match,"664 OCEAN AVE, JERSEY CITY, NJ, 07305",Jersey City city,3436000,Hudson County,https://geocoding.geo.census.gov/geocoder/geographies/address?benchmark=Public_AR_Current&vintage=Current_Current&layers=Incorporated+Places%2CCounties&format=json&street=664+OCEAN+AVE.&state=NJ&city=Jersey+City&zip=07305
A0244,Match,"1126 HUDSON ST, HOBOKEN, NJ, 07030",Hoboken city,3432250,Hudson County,https://geocoding.geo.census.gov/geocoder/geographies/address?benchmark=Public_AR_Current&vintage=Current_Current&layers=Incorporated+Places%2CCounties&format=json&street=1126+HUDSON+ST&state=NJ&city=Hoboken&zip=07030
A0245,Match,"30 W HOWELL ST, DORCHESTER, MA, 02125",Boston city,2507000,Suffolk County,https://geocoding.geo.census.gov/geocoder/geographies/address?benchmark=Public_AR_Current&vintage=Current_Current&layers=Incorporated+Places%2CCounties&format=json&street=30+WEST+HOWELL+ST+M-D&state=MA&city=Dorchester&zip=02125
A0246,Match,"4386 COPELAND AVE, SAN DIEGO, CA, 92105",San Diego city,0666000,San Diego County,https://geocoding.geo.census.gov/geocoder/geographies/address?benchmark=Public_AR_Current&vintage=Current_Current&layers=Incorporated+Places%2CCounties&format=json&street=4386+COPELAND+AVE&state=CA&city=San+Diego&zip=92105
A0247,Match,"4957 CAPE MAY AVE, SAN DIEGO, CA, 92107",San Diego city,0666000,San Diego County,https://geocoding.geo.census.gov/geocoder/geographies/address?benchmark=Public_AR_Current&vintage=Current_Current&layers=Incorporated+Places%2CCounties&format=json&street=4957+CAPE+MAY+AVE&state=CA&city=San+Diego&zip=92107
A0248,Match,"941 S KENMORE AVE, LOS ANGELES, CA, 90006",Los Angeles city,0644000,Los Angeles County,https://geocoding.geo.census.gov/geocoder/geographies/address?benchmark=Public_AR_Current&vintage=Current_Current&layers=Incorporated+Places%2CCounties&format=json&street=941+S+KENMORE+AVE&state=CA&city=Los+Angeles&zip=90006
A0249,Match,"500 HAWTHORNE AVE, NEWARK, NJ, 07112",Newark city,3451000,Essex County,https://geocoding.geo.census.gov/geocoder/geographies/address?benchmark=Public_AR_Current&vintage=Current_Current&layers=Incorporated+Places%2CCounties&format=json&street=498-500+HAWTHORNE+AVE&state=NJ&city=Newark&zip=10013
A0250,Match,"211 BALDWIN AVE, JERSEY CITY, NJ, 07306",Jersey City city,3436000,Hudson County,https://geocoding.geo.census.gov/geocoder/geographies/address?benchmark=Public_AR_Current&vintage=Current_Current&layers=Incorporated+Places%2CCounties&format=json&street=211+BALDWIN+AVE.&state=NJ&city=Jersey+City&zip=07002
A0251,Match,"4663 33RD ST, SAN DIEGO, CA, 92116",San Diego city,0666000,San Diego County,https://geocoding.geo.census.gov/geocoder/geographies/address?benchmark=Public_AR_Current&vintage=Current_Current&layers=Incorporated+Places%2CCounties&format=json&street=4663+33RD+ST&state=CA&city=San+Diego&zip=92116
A0252,Match,"15514 CHASE ST, NORTH HILLS, CA, 91343",Los Angeles city,0644000,Los Angeles County,https://geocoding.geo.census.gov/geocoder/geographies/address?benchmark=Public_AR_Current&vintage=Current_Current&layers=Incorporated+Places%2CCounties&format=json&street=15514+CHASE+ST&state=CA&city=Los+Angeles&zip=91343
A0253,Match,"2250 N POINT ST, SAN FRANCISCO, CA, 94123",San Francisco city,0667000,San Francisco County,https://geocoding.geo.census.gov/geocoder/geographies/address?benchmark=Public_AR_Current&vintage=Current_Current&layers=Incorporated+Places%2CCounties&format=json&street=2250+NORTH+POINT+ST&state=CA&city=San+Francisco
A0254,Match,"805 WASHINGTON ST, HOBOKEN, NJ, 07030",Hoboken city,3432250,Hudson County,https://geocoding.geo.census.gov/geocoder/geographies/address?benchmark=Public_AR_Current&vintage=Current_Current&layers=Incorporated+Places%2CCounties&format=json&street=805+WASHINGTON+ST&state=NJ&city=Hoboken&zip=07030
A0255,Match,"851 E 51ST ST, LOS ANGELES, CA, 90011",Los Angeles city,0644000,Los Angeles County,https://geocoding.geo.census.gov/geocoder/geographies/address?benchmark=Public_AR_Current&vintage=Current_Current&layers=Incorporated+Places%2CCounties&format=json&street=851+E+51ST+ST&state=CA&city=Los+Angeles&zip=90011
A0256,Match,"327 JACKSON ST, HOBOKEN, NJ, 07030",Hoboken city,3432250,Hudson County,https://geocoding.geo.census.gov/geocoder/geographies/address?benchmark=Public_AR_Current&vintage=Current_Current&layers=Incorporated+Places%2CCounties&format=json&street=327+JACKSON+ST&state=NJ&city=Hoboken&zip=07017
A0257,Match,"5 COMMER CT, SAN FRANCISCO, CA, 94124",San Francisco city,0667000,San Francisco County,https://geocoding.geo.census.gov/geocoder/geographies/address?benchmark=Public_AR_Current&vintage=Current_Current&layers=Incorporated+Places%2CCounties&format=json&street=5+COMMER+CT&state=CA&city=San+Francisco
A0258,Match,"471 COLUMBIA RD, DORCHESTER, MA, 02125",Boston city,2507000,Suffolk County,https://geocoding.geo.census.gov/geocoder/geographies/address?benchmark=Public_AR_Current&vintage=Current_Current&layers=Incorporated+Places%2CCounties&format=json&street=471+COLUMBIA+RD&state=MA&city=Dorchester&zip=02125
A0259,Match,"872 N POINT ST, SAN FRANCISCO, CA, 94109",San Francisco city,0667000,San Francisco County,https://geocoding.geo.census.gov/geocoder/geographies/address?benchmark=Public_AR_Current&vintage=Current_Current&layers=Incorporated+Places%2CCounties&format=json&street=872+NORTH+POINT+ST&state=CA&city=San+Francisco
A0260,Match,"2479 LE CONTE AVE, BERKELEY, CA, 94709",Berkeley city,0606000,Alameda County,https://geocoding.geo.census.gov/geocoder/geographies/address?benchmark=Public_AR_Current&vintage=Current_Current&layers=Incorporated+Places%2CCounties&format=json&street=2479+LE+CONTE+AVE&state=CA&city=Berkeley&zip=94709
A0261,Match,"525 ADAMS ST, HOBOKEN, NJ, 07030",Hoboken city,3432250,Hudson County,https://geocoding.geo.census.gov/geocoder/geographies/address?benchmark=Public_AR_Current&vintage=Current_Current&layers=Incorporated+Places%2CCounties&format=json&street=525+ADAMS+ST&state=NJ&city=Hoboken&zip=07030
A0262,Match,"2924 JUNIPER ST, SAN DIEGO, CA, 92104",San Diego city,0666000,San Diego County,https://geocoding.geo.census.gov/geocoder/geographies/address?benchmark=Public_AR_Current&vintage=Current_Current&layers=Incorporated+Places%2CCounties&format=json&street=2924+E+JUNIPER+ST&state=CA&city=San+Diego&zip=92104
A0263,Match,"1636 MARTIN LUTHER KING JR WAY, BERKELEY, CA, 94709",Berkeley city,0606000,Alameda County,https://geocoding.geo.census.gov/geocoder/geographies/address?benchmark=Public_AR_Current&vintage=Current_Current&layers=Incorporated+Places%2CCounties&format=json&street=1636+M+L+KING+JR+WAY&state=CA&city=Berkeley&zip=94709
A0264,Match,"589 ELIZABETH AVE, NEWARK, NJ, 07112",Newark city,3451000,Essex County,https://geocoding.geo.census.gov/geocoder/geographies/address?benchmark=Public_AR_Current&vintage=Current_Current&layers=Incorporated+Places%2CCounties&format=json&street=583-589+ELIZABETH+AVE&state=NJ&city=Newark&zip=11516
A0265,Match,"102 BALDWIN AVE, JERSEY CITY, NJ, 07306",Jersey City city,3436000,Hudson County,https://geocoding.geo.census.gov/geocoder/geographies/address?benchmark=Public_AR_Current&vintage=Current_Current&layers=Incorporated+Places%2CCounties&format=json&street=102+BALDWIN+AVE.&state=NJ&city=Jersey+City&zip=07306
A0266,Match,"52 BRIGHT ST, JERSEY CITY, NJ, 07302",Jersey City city,3436000,Hudson County,https://geocoding.geo.census.gov/geocoder/geographies/address?benchmark=Public_AR_Current&vintage=Current_Current&layers=Incorporated+Places%2CCounties&format=json&street=52+BRIGHT+ST.&state=NJ&city=Jersey+City&zip=10016
A0267,Match,"1314 N VAN NESS AVE, LOS ANGELES, CA, 90038",Los Angeles city,0644000,Los Angeles County,https://geocoding.geo.census.gov/geocoder/geographies/address?benchmark=Public_AR_Current&vintage=Current_Current&layers=Incorporated+Places%2CCounties&format=json&street=1314+N+VAN+NESS+AVE&state=CA&city=Los+Angeles&zip=90028
A0268,Match,"1848 FRANKLIN ST, SAN FRANCISCO, CA, 94109",San Francisco city,0667000,San Francisco County,https://geocoding.geo.census.gov/geocoder/geographies/address?benchmark=Public_AR_Current&vintage=Current_Current&layers=Incorporated+Places%2CCounties&format=json&street=1848+FRANKLIN+ST&state=CA&city=San+Francisco
A0269,Match,"1015 CLINTON ST, HOBOKEN, NJ, 07030",Hoboken city,3432250,Hudson County,https://geocoding.geo.census.gov/geocoder/geographies/address?benchmark=Public_AR_Current&vintage=Current_Current&layers=Incorporated+Places%2CCounties&format=json&street=1015+CLINTON+ST&state=NJ&city=Hoboken&zip=10003
A0270,Match,"29 CONCORD ST, JERSEY CITY, NJ, 07306",Jersey City city,3436000,Hudson County,https://geocoding.geo.census.gov/geocoder/geographies/address?benchmark=Public_AR_Current&vintage=Current_Current&layers=Incorporated+Places%2CCounties&format=json&street=29+CONCORD+ST&state=NJ&city=Jersey+City&zip=07306
A0271,Match,"4115 LINCOLN WAY, SAN FRANCISCO, CA, 94122",San Francisco city,0667000,San Francisco County,https://geocoding.geo.census.gov/geocoder/geographies/address?benchmark=Public_AR_Current&vintage=Current_Current&layers=Incorporated+Places%2CCounties&format=json&street=4115+LINCOLN+WY&state=CA&city=San+Francisco
A0272,Match,"5 EVERETT ST, CAMBRIDGE, MA, 02138",Cambridge city,2511000,Middlesex County,https://geocoding.geo.census.gov/geocoder/geographies/address?benchmark=Public_AR_Current&vintage=Current_Current&layers=Incorporated+Places%2CCounties&format=json&street=5+Everett+St&state=MA&city=Cambridge
A0273,Match,"3911 CENTRE ST, SAN DIEGO, CA, 92103",San Diego city,0666000,San Diego County,https://geocoding.geo.census.gov/geocoder/geographies/address?benchmark=Public_AR_Current&vintage=Current_Current&layers=Incorporated+Places%2CCounties&format=json&street=3911+CENTRE+ST&state=CA&city=San+Diego&zip=92103
A0274,Match,"7072 EASTMAN ST, SAN DIEGO, CA, 92111",San Diego city,0666000,San Diego County,https://geocoding.geo.census.gov/geocoder/geographies/address?benchmark=Public_AR_Current&vintage=Current_Current&layers=Incorporated+Places%2CCounties&format=json&street=7072+EASTMAN+ST&state=CA&city=San+Diego&zip=92111
A0275,Match,"4091 MORRELL ST, SAN DIEGO, CA, 92109",San Diego city,0666000,San Diego County,https://geocoding.geo.census.gov/geocoder/geographies/address?benchmark=Public_AR_Current&vintage=Current_Current&layers=Incorporated+Places%2CCounties&format=json&street=4091+MORRELL+ST&state=CA&city=San+Diego&zip=92109
A0276,Match,"4361 ILLINOIS ST, SAN DIEGO, CA, 92104",San Diego city,0666000,San Diego County,https://geocoding.geo.census.gov/geocoder/geographies/address?benchmark=Public_AR_Current&vintage=Current_Current&layers=Incorporated+Places%2CCounties&format=json&street=4361+ILLINOIS+ST&state=CA&city=San+Diego&zip=92104
A0277,Match,"2736 GRANT ST, BERKELEY, CA, 94703",Berkeley city,0606000,Alameda County,https://geocoding.geo.census.gov/geocoder/geographies/address?benchmark=Public_AR_Current&vintage=Current_Current&layers=Incorporated+Places%2CCounties&format=json&street=2736+GRANT+ST&state=CA&city=Berkeley&zip=94703
A0278,Match,"1800 FRANKLIN ST, SAN FRANCISCO, CA, 94109",San Francisco city,0667000,San Francisco County,https://geocoding.geo.census.gov/geocoder/geographies/address?benchmark=Public_AR_Current&vintage=Current_Current&layers=Incorporated+Places%2CCounties&format=json&street=1800+FRANKLIN+ST&state=CA&city=San+Francisco
A0279,Match (2 candidates; first used),"90 KENSINGTON AVE, JERSEY CITY, NJ, 07304",Jersey City city,3436000,Hudson County,https://geocoding.geo.census.gov/geocoder/geographies/address?benchmark=Public_AR_Current&vintage=Current_Current&layers=Incorporated+Places%2CCounties&format=json&street=90+KENSINGTON+AVE.&state=NJ&city=Jersey+City&zip=07302
A0280,Match,"1215 11TH AVE, SAN FRANCISCO, CA, 94122",San Francisco city,0667000,San Francisco County,https://geocoding.geo.census.gov/geocoder/geographies/address?benchmark=Public_AR_Current&vintage=Current_Current&layers=Incorporated+Places%2CCounties&format=json&street=1215+11TH+AV&state=CA&city=San+Francisco
A0281,Match,"1725 N GOWER ST, LOS ANGELES, CA, 90028",Los Angeles city,0644000,Los Angeles County,https://geocoding.geo.census.gov/geocoder/geographies/address?benchmark=Public_AR_Current&vintage=Current_Current&layers=Incorporated+Places%2CCounties&format=json&street=1725+N+GOWER+ST&state=CA&city=Los+Angeles&zip=90028
A0282,Match,"2240 10TH ST, BERKELEY, CA, 94710",Berkeley city,0606000,Alameda County,https://geocoding.geo.census.gov/geocoder/geographies/address?benchmark=Public_AR_Current&vintage=Current_Current&layers=Incorporated+Places%2CCounties&format=json&street=2240+10TH+ST&state=CA&city=Berkeley&zip=94710
A0283,Match,"90 BARTLETT ST, SAN FRANCISCO, CA, 94110",San Francisco city,0667000,San Francisco County,https://geocoding.geo.census.gov/geocoder/geographies/address?benchmark=Public_AR_Current&vintage=Current_Current&layers=Incorporated+Places%2CCounties&format=json&street=90+BARTLETT+ST&state=CA&city=San+Francisco
A0284,Match,"345 COLUMBIA ST, CAMBRIDGE, MA, 02141",Cambridge city,2511000,Middlesex County,https://geocoding.geo.census.gov/geocoder/geographies/address?benchmark=Public_AR_Current&vintage=Current_Current&layers=Incorporated+Places%2CCounties&format=json&street=345+Columbia+St&state=MA&city=Cambridge
A0285,Match,"5255 HARMONY AVE, NORTH HOLLYWOOD, CA, 91601",Los Angeles city,0644000,Los Angeles County,https://geocoding.geo.census.gov/geocoder/geographies/address?benchmark=Public_AR_Current&vintage=Current_Current&layers=Incorporated+Places%2CCounties&format=json&street=5255+HARMONY+AVE&state=CA&city=Los+Angeles&zip=91601
A0286,Match,"27 IRVING TER, CAMBRIDGE, MA, 02138",Cambridge city,2511000,Middlesex County,https://geocoding.geo.census.gov/geocoder/geographies/address?benchmark=Public_AR_Current&vintage=Current_Current&layers=Incorporated+Places%2CCounties&format=json&street=27+Irving+Ter&state=MA&city=Cambridge
A0287,Match,"404 GRAND ST, HOBOKEN, NJ, 07030",Hoboken city,3432250,Hudson County,https://geocoding.geo.census.gov/geocoder/geographies/address?benchmark=Public_AR_Current&vintage=Current_Current&layers=Incorporated+Places%2CCounties&format=json&street=404+GRAND+ST&state=NJ&city=Hoboken&zip=07075
A0288,Match,"75 CLENDENNY AVE, JERSEY CITY, NJ, 07304",Jersey City city,3436000,Hudson County,https://geocoding.geo.census.gov/geocoder/geographies/address?benchmark=Public_AR_Current&vintage=Current_Current&layers=Incorporated+Places%2CCounties&format=json&street=75+CLENDENNY+AVE.&state=NJ&city=Jersey+City&zip=11211
A0289,Match,"1741 MARTIN LUTHER KING JR WAY, BERKELEY, CA, 94709",Berkeley city,0606000,Alameda County,https://geocoding.geo.census.gov/geocoder/geographies/address?benchmark=Public_AR_Current&vintage=Current_Current&layers=Incorporated+Places%2CCounties&format=json&street=1741+M+L+KING+JR+WAY&state=CA&city=Berkeley&zip=94709
A0290,Match,"21 FOREST ST, CAMBRIDGE, MA, 02140",Cambridge city,2511000,Middlesex County,https://geocoding.geo.census.gov/geocoder/geographies/address?benchmark=Public_AR_Current&vintage=Current_Current&layers=Incorporated+Places%2CCounties&format=json&street=21+Forest+St&state=MA&city=Cambridge
A0291,Match (2 candidates; first used),"165 CAMBRIDGEPARK DR, CAMBRIDGE, MA, 02140",Cambridge city,2511000,Middlesex County,https://geocoding.geo.census.gov/geocoder/geographies/address?benchmark=Public_AR_Current&vintage=Current_Current&layers=Incorporated+Places%2CCounties&format=json&street=165+Cambridgepark+Dr&state=MA&city=Cambridge
A0292,Match,"24 BERKSHIRE ST, CAMBRIDGE, MA, 02141",Cambridge city,2511000,Middlesex County,https://geocoding.geo.census.gov/geocoder/geographies/address?benchmark=Public_AR_Current&vintage=Current_Current&layers=Incorporated+Places%2CCounties&format=json&street=24+Berkshire+St&state=MA&city=Cambridge
A0293,Match,"1314 NATOMA ST, SAN FRANCISCO, CA, 94103",San Francisco city,0667000,San Francisco County,https://geocoding.geo.census.gov/geocoder/geographies/address?benchmark=Public_AR_Current&vintage=Current_Current&layers=Incorporated+Places%2CCounties&format=json&street=1314+NATOMA+ST&state=CA&city=San+Francisco
A0294,Match,"178 RICHDALE AVE, CAMBRIDGE, MA, 02140",Cambridge city,2511000,Middlesex County,https://geocoding.geo.census.gov/geocoder/geographies/address?benchmark=Public_AR_Current&vintage=Current_Current&layers=Incorporated+Places%2CCounties&format=json&street=178+Richdale+Ave&state=MA&city=Cambridge
A0295,No_Match,,,,,https://geocoding.geo.census.gov/geocoder/geographies/address?benchmark=Public_AR_Current&vintage=Current_Current&layers=Incorporated+Places%2CCounties&format=json&street=Harvard+ST+LOT+2A-13&state=MA&city=Dorchester&zip=02124
A0296,Match,"85 MCWHORTER ST, NEWARK, NJ, 07105",Newark city,3451000,Essex County,https://geocoding.geo.census.gov/geocoder/geographies/address?benchmark=Public_AR_Current&vintage=Current_Current&layers=Incorporated+Places%2CCounties&format=json&street=83-85+MCWHORTER+ST&state=NJ&city=Newark&zip=07105
A0297,Match,"213 SUMMER AVE, NEWARK, NJ, 07104",Newark city,3451000,Essex County,https://geocoding.geo.census.gov/geocoder/geographies/address?benchmark=Public_AR_Current&vintage=Current_Current&layers=Incorporated+Places%2CCounties&format=json&street=211-213+SUMMER+AVE&state=NJ&city=Newark&zip=11205
A0298,Match,"361 WASHINGTON ST, CAMBRIDGE, MA, 02139",Cambridge city,2511000,Middlesex County,https://geocoding.geo.census.gov/geocoder/geographies/address?benchmark=Public_AR_Current&vintage=Current_Current&layers=Incorporated+Places%2CCounties&format=json&street=361+Washington+St&state=MA&city=Cambridge
A0299,Match,"1037 WASHINGTON ST, HOBOKEN, NJ, 07030",Hoboken city,3432250,Hudson County,https://geocoding.geo.census.gov/geocoder/geographies/address?benchmark=Public_AR_Current&vintage=Current_Current&layers=Incorporated+Places%2CCounties&format=json&street=1037+WASHINGTON+ST&state=NJ&city=Hoboken&zip=10994
A0300,Match,"36 TROWBRIDGE ST, CAMBRIDGE, MA, 02138",Cambridge city,2511000,Middlesex County,https://geocoding.geo.census.gov/geocoder/geographies/address?benchmark=Public_AR_Current&vintage=Current_Current&layers=Incorporated+Places%2CCounties&format=json&street=36+Trowbridge+St&state=MA&city=Cambridge
A0301,Match,"165 HAMPSHIRE ST, CAMBRIDGE, MA, 02139",Cambridge city,2511000,Middlesex County,https://geocoding.geo.census.gov/geocoder/geographies/address?benchmark=Public_AR_Current&vintage=Current_Current&layers=Incorporated+Places%2CCounties&format=json&street=165+Hampshire+St&state=MA&city=Cambridge
A0302,Match,"6 CLINTON ST, CAMBRIDGE, MA, 02139",Cambridge city,2511000,Middlesex County,https://geocoding.geo.census.gov/geocoder/geographies/address?benchmark=Public_AR_Current&vintage=Current_Current&layers=Incorporated+Places%2CCounties&format=json&street=4-6+Clinton+St&state=MA&city=Cambridge
A0303,Match,"188 E 35TH ST, LOS ANGELES, CA, 90011",Los Angeles city,0644000,Los Angeles County,https://geocoding.geo.census.gov/geocoder/geographies/address?benchmark=Public_AR_Current&vintage=Current_Current&layers=Incorporated+Places%2CCounties&format=json&street=188+E+35TH+ST&state=CA&city=Los+Angeles&zip=90011
A0304,Match,"4541 HAMILTON ST, SAN DIEGO, CA, 92116",San Diego city,0666000,San Diego County,https://geocoding.geo.census.gov/geocoder/geographies/address?benchmark=Public_AR_Current&vintage=Current_Current&layers=Incorporated+Places%2CCounties&format=json&street=4541+HAMILTON+ST&state=CA&city=San+Diego&zip=92116
A0305,Match,"638 45TH AVE, SAN FRANCISCO, CA, 94121",San Francisco city,0667000,San Francisco County,https://geocoding.geo.census.gov/geocoder/geographies/address?benchmark=Public_AR_Current&vintage=Current_Current&layers=Incorporated+Places%2CCounties&format=json&street=638+45TH+AV&state=CA&city=San+Francisco
A0306,Match,"335A HARVARD ST, CAMBRIDGE, MA, 02139",Cambridge city,2511000,Middlesex County,https://geocoding.geo.census.gov/geocoder/geographies/address?benchmark=Public_AR_Current&vintage=Current_Current&layers=Incorporated+Places%2CCounties&format=json&street=335A+Harvard+St&state=MA&city=Cambridge
A0307,Match,"296 VAN BUREN ST, NEWARK, NJ, 07105",Newark city,3451000,Essex County,https://geocoding.geo.census.gov/geocoder/geographies/address?benchmark=Public_AR_Current&vintage=Current_Current&layers=Incorporated+Places%2CCounties&format=json&street=294-296+VAN+BUREN+ST&state=NJ&city=Newark&zip=07512
A0308,Match,"1032 HUDSON ST, HOBOKEN, NJ, 07030",Hoboken city,3432250,Hudson County,https://geocoding.geo.census.gov/geocoder/geographies/address?benchmark=Public_AR_Current&vintage=Current_Current&layers=Incorporated+Places%2CCounties&format=json&street=1032+HUDSON+ST&state=NJ&city=Hoboken&zip=07024
A0309,Match,"1706 N STANLEY AVE, LOS ANGELES, CA, 90046",Los Angeles city,0644000,Los Angeles County,https://geocoding.geo.census.gov/geocoder/geographies/address?benchmark=Public_AR_Current&vintage=Current_Current&layers=Incorporated+Places%2CCounties&format=json&street=1706+N+STANLEY+AVE&state=CA&city=Los+Angeles&zip=90046
A0310,Match,"55 ASHFORD ST, ALLSTON, MA, 02134",Boston city,2507000,Suffolk County,https://geocoding.geo.census.gov/geocoder/geographies/address?benchmark=Public_AR_Current&vintage=Current_Current&layers=Incorporated+Places%2CCounties&format=json&street=53-55+Ashford+ST&state=MA&city=Allston&zip=02134
A0311,Match,"38 SOMME ST, NEWARK, NJ, 07105",Newark city,3451000,Essex County,https://geocoding.geo.census.gov/geocoder/geographies/address?benchmark=Public_AR_Current&vintage=Current_Current&layers=Incorporated+Places%2CCounties&format=json&street=38-38-+SOMME+ST&state=NJ&city=Newark&zip=07032
A0312,Match,"25 ORLANDO ST, MATTAPAN, MA, 02126",Boston city,2507000,Suffolk County,https://geocoding.geo.census.gov/geocoder/geographies/address?benchmark=Public_AR_Current&vintage=Current_Current&layers=Incorporated+Places%2CCounties&format=json&street=25+ORLANDO+ST&state=MA&city=Mattapan&zip=02126
A0313,Match,"319 W RUNYON ST, NEWARK, NJ, 07108",Newark city,3451000,Essex County,https://geocoding.geo.census.gov/geocoder/geographies/address?benchmark=Public_AR_Current&vintage=Current_Current&layers=Incorporated+Places%2CCounties&format=json&street=317-319+W+RUNYON+ST&state=NJ&city=Newark&zip=11205
A0314,Match,"6640 LELAND WAY, LOS ANGELES, CA, 90028",Los Angeles city,0644000,Los Angeles County,https://geocoding.geo.census.gov/geocoder/geographies/address?benchmark=Public_AR_Current&vintage=Current_Current&layers=Incorporated+Places%2CCounties&format=json&street=6640+LELAND+WAY&state=CA&city=Los+Angeles&zip=90028
A0315,Match,"5233 CARTWRIGHT AVE, NORTH HOLLYWOOD, CA, 91601",Los Angeles city,0644000,Los Angeles County,https://geocoding.geo.census.gov/geocoder/geographies/address?benchmark=Public_AR_Current&vintage=Current_Current&layers=Incorporated+Places%2CCounties&format=json&street=5233+CARTWRIGHT+AVE&state=CA&city=Los+Angeles&zip=91601
A0316,Match,"3978 FLORIDA ST, SAN DIEGO, CA, 92104",San Diego city,0666000,San Diego County,https://geocoding.geo.census.gov/geocoder/geographies/address?benchmark=Public_AR_Current&vintage=Current_Current&layers=Incorporated+Places%2CCounties&format=json&street=3978+FLORIDA+ST&state=CA&city=San+Diego&zip=92104
A0317,Match,"2233 CHANNING WAY, BERKELEY, CA, 94704",Berkeley city,0606000,Alameda County,https://geocoding.geo.census.gov/geocoder/geographies/address?benchmark=Public_AR_Current&vintage=Current_Current&layers=Incorporated+Places%2CCounties&format=json&street=2233+CHANNING+WAY&state=CA&city=Berkeley&zip=94704
A0318,Match,"2041 FRANCISCO ST, BERKELEY, CA, 94709",Berkeley city,0606000,Alameda County,https://geocoding.geo.census.gov/geocoder/geographies/address?benchmark=Public_AR_Current&vintage=Current_Current&layers=Incorporated+Places%2CCounties&format=json&street=2041+FRANCISCO+ST&state=CA&city=Berkeley&zip=94709
A0319,Match,"2315 GRANT ST, BERKELEY, CA, 94703",Berkeley city,0606000,Alameda County,https://geocoding.geo.census.gov/geocoder/geographies/address?benchmark=Public_AR_Current&vintage=Current_Current&layers=Incorporated+Places%2CCounties&format=json&street=2315+GRANT+ST&state=CA&city=Berkeley&zip=94703
A0320,Match,"408 MADISON ST, HOBOKEN, NJ, 07030",Hoboken city,3432250,Hudson County,https://geocoding.geo.census.gov/geocoder/geographies/address?benchmark=Public_AR_Current&vintage=Current_Current&layers=Incorporated+Places%2CCounties&format=json&street=408+MADISON+ST&state=NJ&city=Hoboken&zip=07030
A0321,Match,"200 NUNDA AVE, JERSEY CITY, NJ, 07306",Jersey City city,3436000,Hudson County,https://geocoding.geo.census.gov/geocoder/geographies/address?benchmark=Public_AR_Current&vintage=Current_Current&layers=Incorporated+Places%2CCounties&format=json&street=200+NUNDA+AVE.&state=NJ&city=Jersey+City&zip=07306
A0322,Match,"227 CYPRESS DR, SAN YSIDRO, CA, 92173",San Diego city,0666000,San Diego County,https://geocoding.geo.census.gov/geocoder/geographies/address?benchmark=Public_AR_Current&vintage=Current_Current&layers=Incorporated+Places%2CCounties&format=json&street=227+CYPRESS+DR&state=CA&city=San+Ysidro&zip=92173
A0323,Match,"4627 COMPTON AVE, LOS ANGELES, CA, 90011",Los Angeles city,0644000,Los Angeles County,https://geocoding.geo.census.gov/geocoder/geographies/address?benchmark=Public_AR_Current&vintage=Current_Current&layers=Incorporated+Places%2CCounties&format=json&street=4627+COMPTON+AVE&state=CA&city=Los+Angeles&zip=90011
A0324,Match,"2003 FRANKLIN ST, SAN FRANCISCO, CA, 94109",San Francisco city,0667000,San Francisco County,https://geocoding.geo.census.gov/geocoder/geographies/address?benchmark=Public_AR_Current&vintage=Current_Current&layers=Incorporated+Places%2CCounties&format=json&street=2003+FRANKLIN+ST&state=CA&city=San+Francisco
A0325,Match,"38A GAUTIER AVE, JERSEY CITY, NJ, 07306",Jersey City city,3436000,Hudson County,https://geocoding.geo.census.gov/geocoder/geographies/address?benchmark=Public_AR_Current&vintage=Current_Current&layers=Incorporated+Places%2CCounties&format=json&street=38A+GAUTIER+AVE.&state=NJ&city=Jersey+City&zip=07302
A0326,Match,"46 JEFFERSON ST, NEWARK, NJ, 07105",Newark city,3451000,Essex County,https://geocoding.geo.census.gov/geocoder/geographies/address?benchmark=Public_AR_Current&vintage=Current_Current&layers=Incorporated+Places%2CCounties&format=json&street=46+JEFFERSON+ST&state=NJ&city=Newark&zip=07105
A0327,Match,"1605 N MARTEL AVE, LOS ANGELES, CA, 90046",Los Angeles city,0644000,Los Angeles County,https://geocoding.geo.census.gov/geocoder/geographies/address?benchmark=Public_AR_Current&vintage=Current_Current&layers=Incorporated+Places%2CCounties&format=json&street=1605+N+MARTEL+AVE&state=CA&city=Los+Angeles&zip=90046
A0328,No_Match,,,,,https://geocoding.geo.census.gov/geocoder/geographies/address?benchmark=Public_AR_Current&vintage=Current_Current&layers=Incorporated+Places%2CCounties&format=json&street=1845+08TH+AV&state=CA&city=San+Francisco
A0329,Match,"51 MADISON ST, NEWARK, NJ, 07105",Newark city,3451000,Essex County,https://geocoding.geo.census.gov/geocoder/geographies/address?benchmark=Public_AR_Current&vintage=Current_Current&layers=Incorporated+Places%2CCounties&format=json&street=51+MADISON+ST&state=NJ&city=Newark&zip=07105
A0330,Match,"5229 WILLOWCREST AVE, NORTH HOLLYWOOD, CA, 91601",Los Angeles city,0644000,Los Angeles County,https://geocoding.geo.census.gov/geocoder/geographies/address?benchmark=Public_AR_Current&vintage=Current_Current&layers=Incorporated+Places%2CCounties&format=json&street=5229+WILLOWCREST+AVE&state=CA&city=Los+Angeles&zip=91601
A0331,Match,"344 IRVINE TURNER BLVD, NEWARK, NJ, 07108",Newark city,3451000,Essex County,https://geocoding.geo.census.gov/geocoder/geographies/address?benchmark=Public_AR_Current&vintage=Current_Current&layers=Incorporated+Places%2CCounties&format=json&street=342-344+IRVINE+TURNER+BLV&state=NJ&city=Newark&zip=11219
A0332,Match,"26 SONOMA ST, DORCHESTER, MA, 02121",Boston city,2507000,Suffolk County,https://geocoding.geo.census.gov/geocoder/geographies/address?benchmark=Public_AR_Current&vintage=Current_Current&layers=Incorporated+Places%2CCounties&format=json&street=26+SONOMA+ST&state=MA&city=Dorchester&zip=02121
A0333,Match,"3752 33RD ST, SAN DIEGO, CA, 92104",San Diego city,0666000,San Diego County,https://geocoding.geo.census.gov/geocoder/geographies/address?benchmark=Public_AR_Current&vintage=Current_Current&layers=Incorporated+Places%2CCounties&format=json&street=3752+33RD+ST&state=CA&city=San+Diego&zip=92104
A0334,Match,"2025 FRANCISCO ST, BERKELEY, CA, 94709",Berkeley city,0606000,Alameda County,https://geocoding.geo.census.gov/geocoder/geographies/address?benchmark=Public_AR_Current&vintage=Current_Current&layers=Incorporated+Places%2CCounties&format=json&street=2025+FRANCISCO+ST&state=CA&city=Berkeley&zip=94709
A0335,Match,"125 BEMIS ST, SAN FRANCISCO, CA, 94131",San Francisco city,0667000,San Francisco County,https://geocoding.geo.census.gov/geocoder/geographies/address?benchmark=Public_AR_Current&vintage=Current_Current&layers=Incorporated+Places%2CCounties&format=json&street=125+BEMIS+ST&state=CA&city=San+Francisco
A0336,Match,"151 N FIRST ST, CAMBRIDGE, MA, 02141",Cambridge city,2511000,Middlesex County,https://geocoding.geo.census.gov/geocoder/geographies/address?benchmark=Public_AR_Current&vintage=Current_Current&layers=Incorporated+Places%2CCounties&format=json&street=151+North+First+St&state=MA&city=Cambridge
A0337,Match,"66 MONROE ST, NEWARK, NJ, 07105",Newark city,3451000,Essex County,https://geocoding.geo.census.gov/geocoder/geographies/address?benchmark=Public_AR_Current&vintage=Current_Current&layers=Incorporated+Places%2CCounties&format=json&street=66+MONROE+ST&state=NJ&city=Newark&zip=07032
A0338,No_Match,,,,,https://geocoding.geo.census.gov/geocoder/geographies/address?benchmark=Public_AR_Current&vintage=Current_Current&layers=Incorporated+Places%2CCounties&format=json&street=521-523+S+17TH&state=NJ&city=Newark&zip=07417
A0339,Match,"124 BERKSHIRE ST, CAMBRIDGE, MA, 02141",Cambridge city,2511000,Middlesex County,https://geocoding.geo.census.gov/geocoder/geographies/address?benchmark=Public_AR_Current&vintage=Current_Current&layers=Incorporated+Places%2CCounties&format=json&street=124+Berkshire+St&state=MA&city=Cambridge
A0340,Match,"14735 ROSCOE BLVD, PANORAMA CITY, CA, 91402",Los Angeles city,0644000,Los Angeles County,https://geocoding.geo.census.gov/geocoder/geographies/address?benchmark=Public_AR_Current&vintage=Current_Current&layers=Incorporated+Places%2CCounties&format=json&street=14735+ROSCOE+BLVD&state=CA&city=Los+Angeles&zip=91402
A0341,Match,"4225 50TH ST, SAN DIEGO, CA, 92115",San Diego city,0666000,San Diego County,https://geocoding.geo.census.gov/geocoder/geographies/address?benchmark=Public_AR_Current&vintage=Current_Current&layers=Incorporated+Places%2CCounties&format=json&street=4225+50TH+ST&state=CA&city=San+Diego&zip=92115
A0342,Match,"49 ROSELAND ST, CAMBRIDGE, MA, 02140",Cambridge city,2511000,Middlesex County,https://geocoding.geo.census.gov/geocoder/geographies/address?benchmark=Public_AR_Current&vintage=Current_Current&layers=Incorporated+Places%2CCounties&format=json&street=49+Roseland+St&state=MA&city=Cambridge
A0343,No_Match,,,,,https://geocoding.geo.census.gov/geocoder/geographies/address?benchmark=Public_AR_Current&vintage=Current_Current&layers=Incorporated+Places%2CCounties&format=json&street=408-410+5TH+ST&state=NJ&city=Newark&zip=10997
A0344,Match,"242 GARFIELD AVE, JERSEY CITY, NJ, 07305",Jersey City city,3436000,Hudson County,https://geocoding.geo.census.gov/geocoder/geographies/address?benchmark=Public_AR_Current&vintage=Current_Current&layers=Incorporated+Places%2CCounties&format=json&street=238+%26+242+GARFIELD+AVE.&state=NJ&city=Jersey+City&zip=07304
A0345,Match,"153 W VERNON AVE, LOS ANGELES, CA, 90037",Los Angeles city,0644000,Los Angeles County,https://geocoding.geo.census.gov/geocoder/geographies/address?benchmark=Public_AR_Current&vintage=Current_Current&layers=Incorporated+Places%2CCounties&format=json&street=153+W+VERNON+AVE&state=CA&city=Los+Angeles&zip=90037
A0346,No_Match,,,,,https://geocoding.geo.census.gov/geocoder/geographies/address?benchmark=Public_AR_Current&vintage=Current_Current&layers=Incorporated+Places%2CCounties&format=json&street=AUBURN+DR&state=CA&city=San+Diego&zip=92105
A0347,Match,"2142 2ND AVE, SAN DIEGO, CA, 92101",San Diego city,0666000,San Diego County,https://geocoding.geo.census.gov/geocoder/geographies/address?benchmark=Public_AR_Current&vintage=Current_Current&layers=Incorporated+Places%2CCounties&format=json&street=2142+2ND+AVE&state=CA&city=San+Diego&zip=92101
A0348,Match,"229 CLINTON ST, HOBOKEN, NJ, 07030",Hoboken city,3432250,Hudson County,https://geocoding.geo.census.gov/geocoder/geographies/address?benchmark=Public_AR_Current&vintage=Current_Current&layers=Incorporated+Places%2CCounties&format=json&street=229+CLINTON+ST&state=NJ&city=Hoboken&zip=08755
A0349,Match,"2400 DANA ST, BERKELEY, CA, 94704",Berkeley city,0606000,Alameda County,https://geocoding.geo.census.gov/geocoder/geographies/address?benchmark=Public_AR_Current&vintage=Current_Current&layers=Incorporated+Places%2CCounties&format=json&street=2400+DANA+ST&state=CA&city=Berkeley&zip=94704
A0350,Match,"1051 W SIDE AVE, JERSEY CITY, NJ, 07306",Jersey City city,3436000,Hudson County,https://geocoding.geo.census.gov/geocoder/geographies/address?benchmark=Public_AR_Current&vintage=Current_Current&layers=Incorporated+Places%2CCounties&format=json&street=1051+WEST+SIDE+AVE.&state=NJ&city=Jersey+City&zip=07446
A0351,Match,"628 HYDE ST, SAN FRANCISCO, CA, 94109",San Francisco city,0667000,San Francisco County,https://geocoding.geo.census.gov/geocoder/geographies/address?benchmark=Public_AR_Current&vintage=Current_Current&layers=Incorporated+Places%2CCounties&format=json&street=628+HYDE+ST&state=CA&city=San+Francisco
A0352,Match (3 candidates; first used),"42 MT PROSPECT AVE, NEWARK, NJ, 07104",Newark city,3451000,Essex County,https://geocoding.geo.census.gov/geocoder/geographies/address?benchmark=Public_AR_Current&vintage=Current_Current&layers=Incorporated+Places%2CCounties&format=json&street=40-42+MT+PROSPECT+AVE&state=NJ&city=Newark&zip=07083
A0353,Match,"1044 E JEFFERSON BLVD, LOS ANGELES, CA, 90011",Los Angeles city,0644000,Los Angeles County,https://geocoding.geo.census.gov/geocoder/geographies/address?benchmark=Public_AR_Current&vintage=Current_Current&layers=Incorporated+Places%2CCounties&format=json&street=1044+E+JEFFERSON+BLVD&state=CA&city=Los+Angeles&zip=90011
A0354,Match,"73 LUBEC ST, EAST BOSTON, MA, 02128",Boston city,2507000,Suffolk County,https://geocoding.geo.census.gov/geocoder/geographies/address?benchmark=Public_AR_Current&vintage=Current_Current&layers=Incorporated+Places%2CCounties&format=json&street=73+LUBEC+ST&state=MA&city=East+Boston&zip=02128
A0355,Match,"10701 AMESTOY AVE, GRANADA HILLS, CA, 91344",Los Angeles city,0644000,Los Angeles County,https://geocoding.geo.census.gov/geocoder/geographies/address?benchmark=Public_AR_Current&vintage=Current_Current&layers=Incorporated+Places%2CCounties&format=json&street=10701+AMESTOY+AVE&state=CA&city=Los+Angeles&zip=91344
A0356,Match,"16 BRAINERD RD, ALLSTON, MA, 02134",Boston city,2507000,Suffolk County,https://geocoding.geo.census.gov/geocoder/geographies/address?benchmark=Public_AR_Current&vintage=Current_Current&layers=Incorporated+Places%2CCounties&format=json&street=16+Brainerd+RD&state=MA&city=Allston&zip=02134
A0357,No_Match,,,,,https://geocoding.geo.census.gov/geocoder/geographies/address?benchmark=Public_AR_Current&vintage=Current_Current&layers=Incorporated+Places%2CCounties&format=json&street=173+07TH+ST&state=CA&city=San+Francisco
A0358,Match,"717 N 6TH ST, NEWARK, NJ, 07107",Newark city,3451000,Essex County,https://geocoding.geo.census.gov/geocoder/geographies/address?benchmark=Public_AR_Current&vintage=Current_Current&layers=Incorporated+Places%2CCounties&format=json&street=717+N+6TH+ST&state=NJ&city=Newark&zip=07110
A0359,Match,"925 PARK AVE, HOBOKEN, NJ, 07030",Hoboken city,3432250,Hudson County,https://geocoding.geo.census.gov/geocoder/geographies/address?benchmark=Public_AR_Current&vintage=Current_Current&layers=Incorporated+Places%2CCounties&format=json&street=925+PARK+AVE&state=NJ&city=Hoboken&zip=07306
A0360,Match,"140 NEW YORK AVE, JERSEY CITY, NJ, 07307",Jersey City city,3436000,Hudson County,https://geocoding.geo.census.gov/geocoder/geographies/address?benchmark=Public_AR_Current&vintage=Current_Current&layers=Incorporated+Places%2CCounties&format=json&street=140+NEW+YORK+AVE.&state=NJ&city=Jersey+City&zip=10977
A0361,Match,"15 BERKSHIRE ST, CAMBRIDGE, MA, 02141",Cambridge city,2511000,Middlesex County,https://geocoding.geo.census.gov/geocoder/geographies/address?benchmark=Public_AR_Current&vintage=Current_Current&layers=Incorporated+Places%2CCounties&format=json&street=15+Berkshire+St&state=MA&city=Cambridge
A0362,Match,"368 RIVERWAY, BOSTON, MA, 02115",Boston city,2507000,Suffolk County,https://geocoding.geo.census.gov/geocoder/geographies/address?benchmark=Public_AR_Current&vintage=Current_Current&layers=Incorporated+Places%2CCounties&format=json&street=368+RIVERWAY+ST&state=MA&city=Boston&zip=02115
A0363,Match,"2451 SHATTUCK AVE, BERKELEY, CA, 94704",Berkeley city,0606000,Alameda County,https://geocoding.geo.census.gov/geocoder/geographies/address?benchmark=Public_AR_Current&vintage=Current_Current&layers=Incorporated+Places%2CCounties&format=json&street=2451+SHATTUCK+AVE&state=CA&city=Berkeley&zip=94704
A0364,No_Match,,,,,https://geocoding.geo.census.gov/geocoder/geographies/address?benchmark=Public_AR_Current&vintage=Current_Current&layers=Incorporated+Places%2CCounties&format=json&street=125+03RD+AV&state=CA&city=San+Francisco
A0365,Match,"3940 IDAHO ST, SAN DIEGO, CA, 92104",San Diego city,0666000,San Diego County,https://geocoding.geo.census.gov/geocoder/geographies/address?benchmark=Public_AR_Current&vintage=Current_Current&layers=Incorporated+Places%2CCounties&format=json&street=3940+IDAHO+ST&state=CA&city=San+Diego&zip=92104
A0366,Match,"230 EVERETT ST, EAST BOSTON, MA, 02128",Boston city,2507000,Suffolk County,https://geocoding.geo.census.gov/geocoder/geographies/address?benchmark=Public_AR_Current&vintage=Current_Current&layers=Incorporated+Places%2CCounties&format=json&street=230+Everett+ST&state=MA&city=East+Boston&zip=02128
A0367,Match,"219 S 35TH ST, SAN DIEGO, CA, 92113",San Diego city,0666000,San Diego County,https://geocoding.geo.census.gov/geocoder/geographies/address?benchmark=Public_AR_Current&vintage=Current_Current&layers=Incorporated+Places%2CCounties&format=json&street=219+S+35TH+ST&state=CA&city=San+Diego&zip=92113
A0368,Match,"1430 FRANCISCO ST, SAN FRANCISCO, CA, 94123",San Francisco city,0667000,San Francisco County,https://geocoding.geo.census.gov/geocoder/geographies/address?benchmark=Public_AR_Current&vintage=Current_Current&layers=Incorporated+Places%2CCounties&format=json&street=1430+FRANCISCO+ST&state=CA&city=San+Francisco
A0369,Match,"3260 CALIFORNIA ST, BERKELEY, CA, 94703",Berkeley city,0606000,Alameda County,https://geocoding.geo.census.gov/geocoder/geographies/address?benchmark=Public_AR_Current&vintage=Current_Current&layers=Incorporated+Places%2CCounties&format=json&street=3260+CALIFORNIA+ST&state=CA&city=Berkeley&zip=94703
A0370,Match,"2222 TOBERMAN ST, LOS ANGELES, CA, 90007",Los Angeles city,0644000,Los Angeles County,https://geocoding.geo.census.gov/geocoder/geographies/address?benchmark=Public_AR_Current&vintage=Current_Current&layers=Incorporated+Places%2CCounties&format=json&street=2222+TOBERMAN+ST&state=CA&city=Los+Angeles&zip=90007
A0371,Match,"80 BRUEN ST, NEWARK, NJ, 07105",Newark city,3451000,Essex County,https://geocoding.geo.census.gov/geocoder/geographies/address?benchmark=Public_AR_Current&vintage=Current_Current&layers=Incorporated+Places%2CCounties&format=json&street=76-80+BRUEN+ST&state=NJ&city=Newark&zip=07105
A0372,Match,"314 7TH ST, JERSEY CITY, NJ, 07302",Jersey City city,3436000,Hudson County,https://geocoding.geo.census.gov/geocoder/geographies/address?benchmark=Public_AR_Current&vintage=Current_Current&layers=Incorporated+Places%2CCounties&format=json&street=314+SEVENTH+ST.&state=NJ&city=Jersey+City&zip=07302
A0373,Match,"1315 SPRUCE ST, BERKELEY, CA, 94709",Berkeley city,0606000,Alameda County,https://geocoding.geo.census.gov/geocoder/geographies/address?benchmark=Public_AR_Current&vintage=Current_Current&layers=Incorporated+Places%2CCounties&format=json&street=1315+SPRUCE+ST&state=CA&city=Berkeley&zip=94709
A0374,Match,"686 S ARDMORE AVE, LOS ANGELES, CA, 90005",Los Angeles city,0644000,Los Angeles County,https://geocoding.geo.census.gov/geocoder/geographies/address?benchmark=Public_AR_Current&vintage=Current_Current&layers=Incorporated+Places%2CCounties&format=json&street=686+S+ARDMORE+AVE&state=CA&city=Los+Angeles&zip=90005
A0375,Match,"1880 FULTON ST, SAN FRANCISCO, CA, 94117",San Francisco city,0667000,San Francisco County,https://geocoding.geo.census.gov/geocoder/geographies/address?benchmark=Public_AR_Current&vintage=Current_Current&layers=Incorporated+Places%2CCounties&format=json&street=1880+FULTON+ST&state=CA&city=San+Francisco
A0376,No_Match,,,,,https://geocoding.geo.census.gov/geocoder/geographies/address?benchmark=Public_AR_Current&vintage=Current_Current&layers=Incorporated+Places%2CCounties&format=json&street=ST+JAMES+ST&state=MA&city=Roxbury&zip=02119
A0377,Match,"206 BLOOMFIELD ST, HOBOKEN, NJ, 07030",Hoboken city,3432250,Hudson County,https://geocoding.geo.census.gov/geocoder/geographies/address?benchmark=Public_AR_Current&vintage=Current_Current&layers=Incorporated+Places%2CCounties&format=json&street=206+BLOOMFIELD+ST&state=NJ&city=Hoboken&zip=10003
A0378,Match,"4053 IDAHO ST, SAN DIEGO, CA, 92104",San Diego city,0666000,San Diego County,https://geocoding.geo.census.gov/geocoder/geographies/address?benchmark=Public_AR_Current&vintage=Current_Current&layers=Incorporated+Places%2CCounties&format=json&street=4053+IDAHO+ST&state=CA&city=San+Diego&zip=92104
A0379,Match,"1336 BRUNNER ST, SAN DIEGO, CA, 92110",San Diego city,0666000,San Diego County,https://geocoding.geo.census.gov/geocoder/geographies/address?benchmark=Public_AR_Current&vintage=Current_Current&layers=Incorporated+Places%2CCounties&format=json&street=1336+BRUNNER+ST&state=CA&city=San+Diego&zip=92110
A0380,No_Match,,,,,https://geocoding.geo.census.gov/geocoder/geographies/address?benchmark=Public_AR_Current&vintage=Current_Current&layers=Incorporated+Places%2CCounties&format=json&street=GREENVILLE+ST&state=MA&city=Roxbury&zip=02119
A0381,Match,"523 MARKET ST, NEWARK, NJ, 07105",Newark city,3451000,Essex County,https://geocoding.geo.census.gov/geocoder/geographies/address?benchmark=Public_AR_Current&vintage=Current_Current&layers=Incorporated+Places%2CCounties&format=json&street=521-523+MARKET+ST&state=NJ&city=Newark&zip=07105
A0382,Match,"119 DAY ST, SAN FRANCISCO, CA, 94131",San Francisco city,0667000,San Francisco County,https://geocoding.geo.census.gov/geocoder/geographies/address?benchmark=Public_AR_Current&vintage=Current_Current&layers=Incorporated+Places%2CCounties&format=json&street=119+DAY+ST&state=CA&city=San+Francisco
A0383,Match,"1908 CALIFORNIA ST, BERKELEY, CA, 94703",Berkeley city,0606000,Alameda County,https://geocoding.geo.census.gov/geocoder/geographies/address?benchmark=Public_AR_Current&vintage=Current_Current&layers=Incorporated+Places%2CCounties&format=json&street=1908+CALIFORNIA+ST&state=CA&city=Berkeley&zip=94703
A0384,No_Match,,,,,https://geocoding.geo.census.gov/geocoder/geographies/address?benchmark=Public_AR_Current&vintage=Current_Current&layers=Incorporated+Places%2CCounties&format=json&street=21+GUERRERO+ST&state=CA&city=San+Francisco
A0385,Match,"1059 UNION ST, SAN FRANCISCO, CA, 94133",San Francisco city,0667000,San Francisco County,https://geocoding.geo.census.gov/geocoder/geographies/address?benchmark=Public_AR_Current&vintage=Current_Current&layers=Incorporated+Places%2CCounties&format=json&street=1059+UNION+ST&state=CA&city=San+Francisco
A0386,Match,"3654 ARIZONA ST, SAN DIEGO, CA, 92104",San Diego city,0666000,San Diego County,https://geocoding.geo.census.gov/geocoder/geographies/address?benchmark=Public_AR_Current&vintage=Current_Current&layers=Incorporated+Places%2CCounties&format=json&street=3654+ARIZONA+ST&state=CA&city=San+Diego&zip=92104
A0387,Match,"10303 CMT ALVAREZ, SAN DIEGO, CA, 92126",San Diego city,0666000,San Diego County,https://geocoding.geo.census.gov/geocoder/geographies/address?benchmark=Public_AR_Current&vintage=Current_Current&layers=Incorporated+Places%2CCounties&format=json&street=10303+CAMINITO+ALVAREZ&state=CA&city=San+Diego&zip=92126
A0388,Match,"155 CLERK ST, JERSEY CITY, NJ, 07305",Jersey City city,3436000,Hudson County,https://geocoding.geo.census.gov/geocoder/geographies/address?benchmark=Public_AR_Current&vintage=Current_Current&layers=Incorporated+Places%2CCounties&format=json&street=157-155+CLERK+ST.&state=NJ&city=Jersey+City&zip=07305
A0389,Match,"923 GARDEN ST, HOBOKEN, NJ, 07030",Hoboken city,3432250,Hudson County,https://geocoding.geo.census.gov/geocoder/geographies/address?benchmark=Public_AR_Current&vintage=Current_Current&layers=Incorporated+Places%2CCounties&format=json&street=923+GARDEN+ST&state=NJ&city=Hoboken&zip=07068
A0390,Match,"70 DARCY ST, NEWARK, NJ, 07105",Newark city,3451000,Essex County,https://geocoding.geo.census.gov/geocoder/geographies/address?benchmark=Public_AR_Current&vintage=Current_Current&layers=Incorporated+Places%2CCounties&format=json&street=70+DARCY+ST&state=NJ&city=Newark&zip=07202
A0391,Match,"265 22ND ST, SAN DIEGO, CA, 92102",San Diego city,0666000,San Diego County,https://geocoding.geo.census.gov/geocoder/geographies/address?benchmark=Public_AR_Current&vintage=Current_Current&layers=Incorporated+Places%2CCounties&format=json&street=265+22ND+ST&state=CA&city=San+Diego&zip=92102
A0392,Match,"4545 39TH ST, SAN DIEGO, CA, 92116",San Diego city,0666000,San Diego County,https://geocoding.geo.census.gov/geocoder/geographies/address?benchmark=Public_AR_Current&vintage=Current_Current&layers=Incorporated+Places%2CCounties&format=json&street=4545+N+39TH+ST&state=CA&city=San+Diego&zip=92116
A0393,Match,"91 JORDAN AVE, JERSEY CITY, NJ, 07306",Jersey City city,3436000,Hudson County,https://geocoding.geo.census.gov/geocoder/geographies/address?benchmark=Public_AR_Current&vintage=Current_Current&layers=Incorporated+Places%2CCounties&format=json&street=91+JORDAN+AVE.&state=NJ&city=Jersey+City&zip=07081
A0394,Match,"45 RAVINE AVE, JERSEY CITY, NJ, 07307",Jersey City city,3436000,Hudson County,https://geocoding.geo.census.gov/geocoder/geographies/address?benchmark=Public_AR_Current&vintage=Current_Current&layers=Incorporated+Places%2CCounties&format=json&street=45+RAVINE+AVE.&state=NJ&city=Jersey+City&zip=07302
A0395,Match,"1632 RUSSELL ST, BERKELEY, CA, 94703",Berkeley city,0606000,Alameda County,https://geocoding.geo.census.gov/geocoder/geographies/address?benchmark=Public_AR_Current&vintage=Current_Current&layers=Incorporated+Places%2CCounties&format=json&street=1632+RUSSELL+ST&state=CA&city=Berkeley&zip=94703
A0396,Match,"3244 CLAIREMONT DR, SAN DIEGO, CA, 92117",San Diego city,0666000,San Diego County,https://geocoding.geo.census.gov/geocoder/geographies/address?benchmark=Public_AR_Current&vintage=Current_Current&layers=Incorporated+Places%2CCounties&format=json&street=3244+CLAIREMONT+DR&state=CA&city=San+Diego&zip=92117
A0397,Match,"1677 BUSH ST, SAN FRANCISCO, CA, 94109",San Francisco city,0667000,San Francisco County,https://geocoding.geo.census.gov/geocoder/geographies/address?benchmark=Public_AR_Current&vintage=Current_Current&layers=Incorporated+Places%2CCounties&format=json&street=1677+BUSH+ST&state=CA&city=San+Francisco
A0398,Match,"890 GREEN ST, SAN FRANCISCO, CA, 94133",San Francisco city,0667000,San Francisco County,https://geocoding.geo.census.gov/geocoder/geographies/address?benchmark=Public_AR_Current&vintage=Current_Current&layers=Incorporated+Places%2CCounties&format=json&street=890+GREEN+ST&state=CA&city=San+Francisco
A0399,Match,"227 WILLOW AVE, HOBOKEN, NJ, 07030",Hoboken city,3432250,Hudson County,https://geocoding.geo.census.gov/geocoder/geographies/address?benchmark=Public_AR_Current&vintage=Current_Current&layers=Incorporated+Places%2CCounties&format=json&street=227+WILLOW+AVE&state=NJ&city=Hoboken&zip=07643
A0400,Match (2 candidates; first used),"174 MT PROSPECT AVE, NEWARK, NJ, 07104",Newark city,3451000,Essex County,https://geocoding.geo.census.gov/geocoder/geographies/address?benchmark=Public_AR_Current&vintage=Current_Current&layers=Incorporated+Places%2CCounties&format=json&street=174+MT+PROSPECT+AVE&state=NJ&city=Newark&zip=07107
A0401,Match,"257 14TH ST, SAN FRANCISCO, CA, 94103",San Francisco city,0667000,San Francisco County,https://geocoding.geo.census.gov/geocoder/geographies/address?benchmark=Public_AR_Current&vintage=Current_Current&layers=Incorporated+Places%2CCounties&format=json&street=257+14TH+ST&state=CA&city=San+Francisco
A0402,Match,"2914 LARKIN ST, SAN FRANCISCO, CA, 94109",San Francisco city,0667000,San Francisco County,https://geocoding.geo.census.gov/geocoder/geographies/address?benchmark=Public_AR_Current&vintage=Current_Current&layers=Incorporated+Places%2CCounties&format=json&street=2914+LARKIN+ST&state=CA&city=San+Francisco
A0403,Match,"45 MYRTLE ST, BOSTON, MA, 02114",Boston city,2507000,Suffolk County,https://geocoding.geo.census.gov/geocoder/geographies/address?benchmark=Public_AR_Current&vintage=Current_Current&layers=Incorporated+Places%2CCounties&format=json&street=45+Myrtle+ST&state=MA&city=Boston&zip=02114
A0404,Match,"240 BOWERS ST, JERSEY CITY, NJ, 07307",Jersey City city,3436000,Hudson County,https://geocoding.geo.census.gov/geocoder/geographies/address?benchmark=Public_AR_Current&vintage=Current_Current&layers=Incorporated+Places%2CCounties&format=json&street=240+BOWERS+ST.&state=NJ&city=Jersey+City&zip=07603
A0405,Match,"10214 FERNGLEN AVE, TUJUNGA, CA, 91042",Los Angeles city,0644000,Los Angeles County,https://geocoding.geo.census.gov/geocoder/geographies/address?benchmark=Public_AR_Current&vintage=Current_Current&layers=Incorporated+Places%2CCounties&format=json&street=10214+FERNGLEN+AVE&state=CA&city=Los+Angeles&zip=91042
A0406,Match,"170 W SPRINGFIELD ST, BOSTON, MA, 02118",Boston city,2507000,Suffolk County,https://geocoding.geo.census.gov/geocoder/geographies/address?benchmark=Public_AR_Current&vintage=Current_Current&layers=Incorporated+Places%2CCounties&format=json&street=170+W+Springfield+ST&state=MA&city=Boston&zip=02118
A0407,Match,"4188 GREENBUSH AVE, SHERMAN OAKS, CA, 91423",Los Angeles city,0644000,Los Angeles County,https://geocoding.geo.census.gov/geocoder/geographies/address?benchmark=Public_AR_Current&vintage=Current_Current&layers=Incorporated+Places%2CCounties&format=json&street=4188+GREENBUSH+AVE&state=CA&city=Los+Angeles&zip=91423
A0408,Match,"14375 POLK ST, SYLMAR, CA, 91342",Los Angeles city,0644000,Los Angeles County,https://geocoding.geo.census.gov/geocoder/geographies/address?benchmark=Public_AR_Current&vintage=Current_Current&layers=Incorporated+Places%2CCounties&format=json&street=14375+POLK+ST&state=CA&city=Los+Angeles&zip=91342
A0409,Match,"4428 GRESHAM ST, SAN DIEGO, CA, 92109",San Diego city,0666000,San Diego County,https://geocoding.geo.census.gov/geocoder/geographies/address?benchmark=Public_AR_Current&vintage=Current_Current&layers=Incorporated+Places%2CCounties&format=json&street=4428+GRESHAM+ST&state=CA&city=San+Diego&zip=92109
A0410,Match,"319 SUMMIT AVE, JERSEY CITY, NJ, 07306",Jersey City city,3436000,Hudson County,https://geocoding.geo.census.gov/geocoder/geographies/address?benchmark=Public_AR_Current&vintage=Current_Current&layers=Incorporated+Places%2CCounties&format=json&street=319+SUMMIT+AVE.&state=NJ&city=Jersey+City&zip=07306
A0411,Match,"1833 BERKELEY WAY, BERKELEY, CA, 94703",Berkeley city,0606000,Alameda County,https://geocoding.geo.census.gov/geocoder/geographies/address?benchmark=Public_AR_Current&vintage=Current_Current&layers=Incorporated+Places%2CCounties&format=json&street=1833+BERKELEY+WAY&state=CA&city=Berkeley&zip=94703
A0412,Match,"231 GRAFTON AVE, NEWARK, NJ, 07104",Newark city,3451000,Essex County,https://geocoding.geo.census.gov/geocoder/geographies/address?benchmark=Public_AR_Current&vintage=Current_Current&layers=Incorporated+Places%2CCounties&format=json&street=229-231+GRAFTON+AVE&state=NJ&city=Newark&zip=07003
A0413,Match,"2209 GRAND AVE, SAN DIEGO, CA, 92109",San Diego city,0666000,San Diego County,https://geocoding.geo.census.gov/geocoder/geographies/address?benchmark=Public_AR_Current&vintage=Current_Current&layers=Incorporated+Places%2CCounties&format=json&street=2209+GRAND+AVE&state=CA&city=San+Diego&zip=92109
A0414,Match,"1987 CALIFORNIA ST, SAN FRANCISCO, CA, 94109",San Francisco city,0667000,San Francisco County,https://geocoding.geo.census.gov/geocoder/geographies/address?benchmark=Public_AR_Current&vintage=Current_Current&layers=Incorporated+Places%2CCounties&format=json&street=1987+CALIFORNIA+ST&state=CA&city=San+Francisco
A0415,Match,"95 WAYNE ST, JERSEY CITY, NJ, 07302",Jersey City city,3436000,Hudson County,https://geocoding.geo.census.gov/geocoder/geographies/address?benchmark=Public_AR_Current&vintage=Current_Current&layers=Incorporated+Places%2CCounties&format=json&street=95+WAYNE+ST.&state=NJ&city=Jersey+City&zip=07302
A0416,Match,"882 PAVONIA AVE, JERSEY CITY, NJ, 07306",Jersey City city,3436000,Hudson County,https://geocoding.geo.census.gov/geocoder/geographies/address?benchmark=Public_AR_Current&vintage=Current_Current&layers=Incorporated+Places%2CCounties&format=json&street=882+PAVONIA+AVE.&state=NJ&city=Jersey+City&zip=10281
A0417,Match,"4957 CAHUENGA BLVD, NORTH HOLLYWOOD, CA, 91601",Los Angeles city,0644000,Los Angeles County,https://geocoding.geo.census.gov/geocoder/geographies/address?benchmark=Public_AR_Current&vintage=Current_Current&layers=Incorporated+Places%2CCounties&format=json&street=4957+CAHUENGA+BLVD&state=CA&city=Los+Angeles&zip=91601
A0418,Match,"221 SIP AVE, JERSEY CITY, NJ, 07306",Jersey City city,3436000,Hudson County,https://geocoding.geo.census.gov/geocoder/geographies/address?benchmark=Public_AR_Current&vintage=Current_Current&layers=Incorporated+Places%2CCounties&format=json&street=221+SIP+AVE.&state=NJ&city=Jersey+City&zip=07009
A0419,Match,"1538 HENRY ST, BERKELEY, CA, 94709",Berkeley city,0606000,Alameda County,https://geocoding.geo.census.gov/geocoder/geographies/address?benchmark=Public_AR_Current&vintage=Current_Current&layers=Incorporated+Places%2CCounties&format=json&street=1538+HENRY+ST&state=CA&city=Berkeley&zip=94709
A0420,Match,"4419 CLEVELAND AVE, SAN DIEGO, CA, 92116",San Diego city,0666000,San Diego County,https://geocoding.geo.census.gov/geocoder/geographies/address?benchmark=Public_AR_Current&vintage=Current_Current&layers=Incorporated+Places%2CCounties&format=json&street=4419+CLEVELAND+AVE&state=CA&city=San+Diego&zip=92116
A0421,Match,"17106 CHATSWORTH ST, GRANADA HILLS, CA, 91344",Los Angeles city,0644000,Los Angeles County,https://geocoding.geo.census.gov/geocoder/geographies/address?benchmark=Public_AR_Current&vintage=Current_Current&layers=Incorporated+Places%2CCounties&format=json&street=17106+CHATSWORTH+ST+++APT+0001&state=CA&city=Los+Angeles&zip=91344
A0422,Match,"23 MARION ST, CAMBRIDGE, MA, 02141",Cambridge city,2511000,Middlesex County,https://geocoding.geo.census.gov/geocoder/geographies/address?benchmark=Public_AR_Current&vintage=Current_Current&layers=Incorporated+Places%2CCounties&format=json&street=21-23+Marion+St&state=MA&city=Cambridge
A0423,Match,"10 CAMELOT CT, BRIGHTON, MA, 02135",Boston city,2507000,Suffolk County,https://geocoding.geo.census.gov/geocoder/geographies/address?benchmark=Public_AR_Current&vintage=Current_Current&layers=Incorporated+Places%2CCounties&format=json&street=10+CAMELOT+CT&state=MA&city=Brighton&zip=02135
A0424,Match,"208 JEFFERSON ST, HOBOKEN, NJ, 07030",Hoboken city,3432250,Hudson County,https://geocoding.geo.census.gov/geocoder/geographies/address?benchmark=Public_AR_Current&vintage=Current_Current&layers=Incorporated+Places%2CCounties&format=json&street=208+JEFFERSON+ST&state=NJ&city=Hoboken&zip=07030
A0425,Match,"650 POST ST, SAN FRANCISCO, CA, 94109",San Francisco city,0667000,San Francisco County,https://geocoding.geo.census.gov/geocoder/geographies/address?benchmark=Public_AR_Current&vintage=Current_Current&layers=Incorporated+Places%2CCounties&format=json&street=650+POST+ST&state=CA&city=San+Francisco
A0426,Match,"1307 COLUSA ST, SAN DIEGO, CA, 92110",San Diego city,0666000,San Diego County,https://geocoding.geo.census.gov/geocoder/geographies/address?benchmark=Public_AR_Current&vintage=Current_Current&layers=Incorporated+Places%2CCounties&format=json&street=1307+COLUSA+ST&state=CA&city=San+Diego&zip=92110
A0427,Match,"7665 W FOUNTAIN AVE, LOS ANGELES, CA, 90046",Los Angeles city,0644000,Los Angeles County,https://geocoding.geo.census.gov/geocoder/geographies/address?benchmark=Public_AR_Current&vintage=Current_Current&layers=Incorporated+Places%2CCounties&format=json&street=7665+FOUNTAIN+AVE&state=CA&city=Los+Angeles&zip=90046
A0428,Match (2 candidates; first used),"314 MT PROSPECT AVE, NEWARK, NJ, 07104",Newark city,3451000,Essex County,https://geocoding.geo.census.gov/geocoder/geographies/address?benchmark=Public_AR_Current&vintage=Current_Current&layers=Incorporated+Places%2CCounties&format=json&street=312-314+MT+PROSPECT+AVE&state=NJ&city=Newark&zip=07109
A0429,Match,"12 BLACKWOOD ST, BOSTON, MA, 02115",Boston city,2507000,Suffolk County,https://geocoding.geo.census.gov/geocoder/geographies/address?benchmark=Public_AR_Current&vintage=Current_Current&layers=Incorporated+Places%2CCounties&format=json&street=12+BLACKWOOD+ST&state=MA&city=Boston&zip=02115
A0430,Match,"1950 ADDISON ST, BERKELEY, CA, 94704",Berkeley city,0606000,Alameda County,https://geocoding.geo.census.gov/geocoder/geographies/address?benchmark=Public_AR_Current&vintage=Current_Current&layers=Incorporated+Places%2CCounties&format=json&street=1950+ADDISON+ST&state=CA&city=Berkeley&zip=94704
A0431,Match,"245 EUCLID AVE, SAN DIEGO, CA, 92114",San Diego city,0666000,San Diego County,https://geocoding.geo.census.gov/geocoder/geographies/address?benchmark=Public_AR_Current&vintage=Current_Current&layers=Incorporated+Places%2CCounties&format=json&street=245+EUCLID+AVE&state=CA&city=San+Diego&zip=92114
A0432,Match,"14605 RAYEN ST, PANORAMA CITY, CA, 91402",Los Angeles city,0644000,Los Angeles County,https://geocoding.geo.census.gov/geocoder/geographies/address?benchmark=Public_AR_Current&vintage=Current_Current&layers=Incorporated+Places%2CCounties&format=json&street=14605+RAYEN+ST&state=CA&city=Los+Angeles&zip=91402
A0433,Match,"720 W 27TH ST, LOS ANGELES, CA, 90007",Los Angeles city,0644000,Los Angeles County,https://geocoding.geo.census.gov/geocoder/geographies/address?benchmark=Public_AR_Current&vintage=Current_Current&layers=Incorporated+Places%2CCounties&format=json&street=720+W+27TH+ST&state=CA&city=Los+Angeles&zip=90007
A0434,Match,"1225 HYDE ST, SAN FRANCISCO, CA, 94109",San Francisco city,0667000,San Francisco County,https://geocoding.geo.census.gov/geocoder/geographies/address?benchmark=Public_AR_Current&vintage=Current_Current&layers=Incorporated+Places%2CCounties&format=json&street=1225+HYDE+ST&state=CA&city=San+Francisco
A0435,Match,"310 MONROE ST, HOBOKEN, NJ, 07030",Hoboken city,3432250,Hudson County,https://geocoding.geo.census.gov/geocoder/geographies/address?benchmark=Public_AR_Current&vintage=Current_Current&layers=Incorporated+Places%2CCounties&format=json&street=310+MONROE+ST&state=NJ&city=Hoboken&zip=07632
A0436,Match,"832 WILLOW AVE, HOBOKEN, NJ, 07030",Hoboken city,3432250,Hudson County,https://geocoding.geo.census.gov/geocoder/geographies/address?benchmark=Public_AR_Current&vintage=Current_Current&layers=Incorporated+Places%2CCounties&format=json&street=832+WILLOW+AVE&state=NJ&city=Hoboken&zip=07030
A0437,Match,"2969 SAN MARINO ST, LOS ANGELES, CA, 90006",Los Angeles city,0644000,Los Angeles County,https://geocoding.geo.census.gov/geocoder/geographies/address?benchmark=Public_AR_Current&vintage=Current_Current&layers=Incorporated+Places%2CCounties&format=json&street=2969+SAN+MARINO+ST&state=CA&city=Los+Angeles&zip=90006
A0438,Match,"62 CAMBRIDGE AVE, JERSEY CITY, NJ, 07307",Jersey City city,3436000,Hudson County,https://geocoding.geo.census.gov/geocoder/geographies/address?benchmark=Public_AR_Current&vintage=Current_Current&layers=Incorporated+Places%2CCounties&format=json&street=60-62+CAMBRIDGE+AVE&state=NJ&city=Jersey+City&zip=07430
A0439,Match,"225 25TH AVE, SAN FRANCISCO, CA, 94121",San Francisco city,0667000,San Francisco County,https://geocoding.geo.census.gov/geocoder/geographies/address?benchmark=Public_AR_Current&vintage=Current_Current&layers=Incorporated+Places%2CCounties&format=json&street=225+25TH+AV&state=CA&city=San+Francisco
A0440,Match,"4042 FULTON ST, SAN FRANCISCO, CA, 94118",San Francisco city,0667000,San Francisco County,https://geocoding.geo.census.gov/geocoder/geographies/address?benchmark=Public_AR_Current&vintage=Current_Current&layers=Incorporated+Places%2CCounties&format=json&street=4042+FULTON+ST&state=CA&city=San+Francisco
A0441,Match,"4017 ILLINOIS ST, SAN DIEGO, CA, 92104",San Diego city,0666000,San Diego County,https://geocoding.geo.census.gov/geocoder/geographies/address?benchmark=Public_AR_Current&vintage=Current_Current&layers=Incorporated+Places%2CCounties&format=json&street=4017+ILLINOIS+ST&state=CA&city=San+Diego&zip=92104
A0442,Match,"7014 LANEWOOD AVE, LOS ANGELES, CA, 90028",Los Angeles city,0644000,Los Angeles County,https://geocoding.geo.census.gov/geocoder/geographies/address?benchmark=Public_AR_Current&vintage=Current_Current&layers=Incorporated+Places%2CCounties&format=json&street=7014+LANEWOOD+AVE&state=CA&city=Los+Angeles&zip=90028
A0443,Match,"3526 FAIRMOUNT AVE, SAN DIEGO, CA, 92105",San Diego city,0666000,San Diego County,https://geocoding.geo.census.gov/geocoder/geographies/address?benchmark=Public_AR_Current&vintage=Current_Current&layers=Incorporated+Places%2CCounties&format=json&street=3526+FAIRMOUNT+AVE&state=CA&city=San+Diego&zip=92105
A0444,Match,"231 COMMONWEALTH AVE, BOSTON, MA, 02116",Boston city,2507000,Suffolk County,https://geocoding.geo.census.gov/geocoder/geographies/address?benchmark=Public_AR_Current&vintage=Current_Current&layers=Incorporated+Places%2CCounties&format=json&street=231+COMMONWEALTH+AV&state=MA&city=Boston&zip=02116
A0445,Match,"8790 VAN NUYS BLVD, PANORAMA CITY, CA, 91402",Los Angeles city,0644000,Los Angeles County,https://geocoding.geo.census.gov/geocoder/geographies/address?benchmark=Public_AR_Current&vintage=Current_Current&layers=Incorporated+Places%2CCounties&format=json&street=8790+VAN+NUYS+BLVD&state=CA&city=Los+Angeles&zip=91402
A0446,Match,"610 COLUMBUS AVE, BOSTON, MA, 02118",Boston city,2507000,Suffolk County,https://geocoding.geo.census.gov/geocoder/geographies/address?benchmark=Public_AR_Current&vintage=Current_Current&layers=Incorporated+Places%2CCounties&format=json&street=610+COLUMBUS+AV&state=MA&city=Boston&zip=02118
A0447,Match,"208 CLINTON ST, HOBOKEN, NJ, 07030",Hoboken city,3432250,Hudson County,https://geocoding.geo.census.gov/geocoder/geographies/address?benchmark=Public_AR_Current&vintage=Current_Current&layers=Incorporated+Places%2CCounties&format=json&street=208+CLINTON+ST&state=NJ&city=Hoboken&zip=07030
A0448,Match,"153 LAFAYETTE ST, NEWARK, NJ, 07105",Newark city,3451000,Essex County,https://geocoding.geo.census.gov/geocoder/geographies/address?benchmark=Public_AR_Current&vintage=Current_Current&layers=Incorporated+Places%2CCounties&format=json&street=151-153+LAFAYETTE+ST&state=NJ&city=Newark&zip=07105
A0449,Match,"338 CLINTON PL, NEWARK, NJ, 07112",Newark city,3451000,Essex County,https://geocoding.geo.census.gov/geocoder/geographies/address?benchmark=Public_AR_Current&vintage=Current_Current&layers=Incorporated+Places%2CCounties&format=json&street=338+CLINTON+PL&state=NJ&city=Newark&zip=08701
A0450,Match,"94 NEPTUNE AVE, JERSEY CITY, NJ, 07305",Jersey City city,3436000,Hudson County,https://geocoding.geo.census.gov/geocoder/geographies/address?benchmark=Public_AR_Current&vintage=Current_Current&layers=Incorporated+Places%2CCounties&format=json&street=94+NEPTUNE+AVE.&state=NJ&city=Jersey+City&zip=11211
A0451,Match,"7300 VALMONT ST, TUJUNGA, CA, 91042",Los Angeles city,0644000,Los Angeles County,https://geocoding.geo.census.gov/geocoder/geographies/address?benchmark=Public_AR_Current&vintage=Current_Current&layers=Incorporated+Places%2CCounties&format=json&street=7300+VALMONT+ST&state=CA&city=Los+Angeles&zip=91042
A0452,Match,"1310 N LAS PALMAS AVE, LOS ANGELES, CA, 90028",Los Angeles city,0644000,Los Angeles County,https://geocoding.geo.census.gov/geocoder/geographies/address?benchmark=Public_AR_Current&vintage=Current_Current&layers=Incorporated+Places%2CCounties&format=json&street=1310+N+LAS+PALMAS+AVE&state=CA&city=Los+Angeles&zip=90028
A0453,Match,"11 CARLISLE ST, CAMBRIDGE, MA, 02139",Cambridge city,2511000,Middlesex County,https://geocoding.geo.census.gov/geocoder/geographies/address?benchmark=Public_AR_Current&vintage=Current_Current&layers=Incorporated+Places%2CCounties&format=json&street=11+Carlisle+St&state=MA&city=Cambridge
A0454,Match,"8944 COLUMBUS AVE, NORTH HILLS, CA, 91343",Los Angeles city,0644000,Los Angeles County,https://geocoding.geo.census.gov/geocoder/geographies/address?benchmark=Public_AR_Current&vintage=Current_Current&layers=Incorporated+Places%2CCounties&format=json&street=8944+COLUMBUS+AVE&state=CA&city=Los+Angeles&zip=91343
A0455,Match,"78 STEVENS AVE, JERSEY CITY, NJ, 07305",Jersey City city,3436000,Hudson County,https://geocoding.geo.census.gov/geocoder/geographies/address?benchmark=Public_AR_Current&vintage=Current_Current&layers=Incorporated+Places%2CCounties&format=json&street=78+STEVENS+AVE.&state=NJ&city=Jersey+City&zip=07108
A0456,Match,"2151 CHATSWORTH BLVD, SAN DIEGO, CA, 92107",San Diego city,0666000,San Diego County,https://geocoding.geo.census.gov/geocoder/geographies/address?benchmark=Public_AR_Current&vintage=Current_Current&layers=Incorporated+Places%2CCounties&format=json&street=2151+CHATSWORTH+BLVD&state=CA&city=San+Diego&zip=92107
A0457,Match,"1856 GREEN ST, SAN FRANCISCO, CA, 94123",San Francisco city,0667000,San Francisco County,https://geocoding.geo.census.gov/geocoder/geographies/address?benchmark=Public_AR_Current&vintage=Current_Current&layers=Incorporated+Places%2CCounties&format=json&street=1856+GREEN+ST&state=CA&city=San+Francisco
A0458,Match,"1670 E 48TH PL, LOS ANGELES, CA, 90011",Los Angeles city,0644000,Los Angeles County,https://geocoding.geo.census.gov/geocoder/geographies/address?benchmark=Public_AR_Current&vintage=Current_Current&layers=Incorporated+Places%2CCounties&format=json&street=1670+E+48TH+PL&state=CA&city=Los+Angeles&zip=90011
A0459,Match,"202 SOUTH ST, JERSEY CITY, NJ, 07307",Jersey City city,3436000,Hudson County,https://geocoding.geo.census.gov/geocoder/geographies/address?benchmark=Public_AR_Current&vintage=Current_Current&layers=Incorporated+Places%2CCounties&format=json&street=202+SOUTH+ST.&state=NJ&city=Jersey+City&zip=07423
A0460,Match,"229 SHEPHARD AVE, NEWARK, NJ, 07112",Newark city,3451000,Essex County,https://geocoding.geo.census.gov/geocoder/geographies/address?benchmark=Public_AR_Current&vintage=Current_Current&layers=Incorporated+Places%2CCounties&format=json&street=223-229+SHEPHARD+AVE&state=NJ&city=Newark&zip=11204
A0461,Match,"735 11TH AVE, SAN FRANCISCO, CA, 94118",San Francisco city,0667000,San Francisco County,https://geocoding.geo.census.gov/geocoder/geographies/address?benchmark=Public_AR_Current&vintage=Current_Current&layers=Incorporated+Places%2CCounties&format=json&street=735+11TH+AV&state=CA&city=San+Francisco
A0462,Match,"128 ST PAULS AVE, JERSEY CITY, NJ, 07306",Jersey City city,3436000,Hudson County,https://geocoding.geo.census.gov/geocoder/geographies/address?benchmark=Public_AR_Current&vintage=Current_Current&layers=Incorporated+Places%2CCounties&format=json&street=128+ST.+PAULS+AVE.&state=NJ&city=Jersey+City&zip=11211
A0463,Match,"4 BEECHWOOD ST, DORCHESTER, MA, 02121",Boston city,2507000,Suffolk County,https://geocoding.geo.census.gov/geocoder/geographies/address?benchmark=Public_AR_Current&vintage=Current_Current&layers=Incorporated+Places%2CCounties&format=json&street=4+BEECHWOOD+ST&state=MA&city=Dorchester&zip=02121
A0464,Match,"98 DABNEY ST, ROXBURY, MA, 02119",Boston city,2507000,Suffolk County,https://geocoding.geo.census.gov/geocoder/geographies/address?benchmark=Public_AR_Current&vintage=Current_Current&layers=Incorporated+Places%2CCounties&format=json&street=2-98+DABNEY+ST&state=MA&city=Roxbury&zip=02119
A0465,Match,"141 OXFORD ST, CAMBRIDGE, MA, 02140",Cambridge city,2511000,Middlesex County,https://geocoding.geo.census.gov/geocoder/geographies/address?benchmark=Public_AR_Current&vintage=Current_Current&layers=Incorporated+Places%2CCounties&format=json&street=141+Oxford+St&state=MA&city=Cambridge
A0466,Match,"115 NORWAY ST, BOSTON, MA, 02115",Boston city,2507000,Suffolk County,https://geocoding.geo.census.gov/geocoder/geographies/address?benchmark=Public_AR_Current&vintage=Current_Current&layers=Incorporated+Places%2CCounties&format=json&street=115+NORWAY+ST&state=MA&city=Boston&zip=02115
A0467,Match,"24 ST ALBANS RD, BOSTON, MA, 02115",Boston city,2507000,Suffolk County,https://geocoding.geo.census.gov/geocoder/geographies/address?benchmark=Public_AR_Current&vintage=Current_Current&layers=Incorporated+Places%2CCounties&format=json&street=24+ST+ALBANS+RD&state=MA&city=Boston&zip=02115
A0468,Match,"13 SHEPARD ST, CAMBRIDGE, MA, 02138",Cambridge city,2511000,Middlesex County,https://geocoding.geo.census.gov/geocoder/geographies/address?benchmark=Public_AR_Current&vintage=Current_Current&layers=Incorporated+Places%2CCounties&format=json&street=13+Shepard+St&state=MA&city=Cambridge
A0469,Match,"2701 SHATTUCK AVE, BERKELEY, CA, 94705",Berkeley city,0606000,Alameda County,https://geocoding.geo.census.gov/geocoder/geographies/address?benchmark=Public_AR_Current&vintage=Current_Current&layers=Incorporated+Places%2CCounties&format=json&street=2701+SHATTUCK+AVE&state=CA&city=Berkeley&zip=94705
A0470,Match,"1919 CURTIS ST, BERKELEY, CA, 94702",Berkeley city,0606000,Alameda County,https://geocoding.geo.census.gov/geocoder/geographies/address?benchmark=Public_AR_Current&vintage=Current_Current&layers=Incorporated+Places%2CCounties&format=json&street=1919+CURTIS+ST&state=CA&city=Berkeley&zip=94702
A0471,Match,"334 GARDEN ST, HOBOKEN, NJ, 07030",Hoboken city,3432250,Hudson County,https://geocoding.geo.census.gov/geocoder/geographies/address?benchmark=Public_AR_Current&vintage=Current_Current&layers=Incorporated+Places%2CCounties&format=json&street=332-334+GARDEN+ST&state=NJ&city=Hoboken&zip=07604
A0472,Match,"321 WILLOW AVE, HOBOKEN, NJ, 07030",Hoboken city,3432250,Hudson County,https://geocoding.geo.census.gov/geocoder/geographies/address?benchmark=Public_AR_Current&vintage=Current_Current&layers=Incorporated+Places%2CCounties&format=json&street=321+WILLOW+AVE&state=NJ&city=Hoboken&zip=07030
A0473,Match,"20 PHILLIPS ST, BOSTON, MA, 02114",Boston city,2507000,Suffolk County,https://geocoding.geo.census.gov/geocoder/geographies/address?benchmark=Public_AR_Current&vintage=Current_Current&layers=Incorporated+Places%2CCounties&format=json&street=20+Phillips+ST&state=MA&city=Boston&zip=02114
A0474,Match,"3438 MCKINLEY AVE, LOS ANGELES, CA, 90011",Los Angeles city,0644000,Los Angeles County,https://geocoding.geo.census.gov/geocoder/geographies/address?benchmark=Public_AR_Current&vintage=Current_Current&layers=Incorporated+Places%2CCounties&format=json&street=3438+MCKINLEY+AVE&state=CA&city=Los+Angeles&zip=90011
A0475,Match,"361 1ST ST, HOBOKEN, NJ, 07030",Hoboken city,3432250,Hudson County,https://geocoding.geo.census.gov/geocoder/geographies/address?benchmark=Public_AR_Current&vintage=Current_Current&layers=Incorporated+Places%2CCounties&format=json&street=361+FIRST+ST&state=NJ&city=Hoboken&zip=07030
A0476,Match,"28 COTTAGE ST, NEWARK, NJ, 07102",Newark city,3451000,Essex County,https://geocoding.geo.census.gov/geocoder/geographies/address?benchmark=Public_AR_Current&vintage=Current_Current&layers=Incorporated+Places%2CCounties&format=json&street=26-28+COTTAGE+ST&state=NJ&city=Newark&zip=07840
A0477,Match,"2250 MISSION ST, SAN FRANCISCO, CA, 94110",San Francisco city,0667000,San Francisco County,https://geocoding.geo.census.gov/geocoder/geographies/address?benchmark=Public_AR_Current&vintage=Current_Current&layers=Incorporated+Places%2CCounties&format=json&street=2250+MISSION+ST&state=CA&city=San+Francisco
A0478,Match,"3860 CHEROKEE AVE, SAN DIEGO, CA, 92104",San Diego city,0666000,San Diego County,https://geocoding.geo.census.gov/geocoder/geographies/address?benchmark=Public_AR_Current&vintage=Current_Current&layers=Incorporated+Places%2CCounties&format=json&street=3860+CHEROKEE+AVE&state=CA&city=San+Diego&zip=92104
A0479,Match,"12948 MOORPARK ST, STUDIO CITY, CA, 91604",Los Angeles city,0644000,Los Angeles County,https://geocoding.geo.census.gov/geocoder/geographies/address?benchmark=Public_AR_Current&vintage=Current_Current&layers=Incorporated+Places%2CCounties&format=json&street=12948+MOORPARK+ST&state=CA&city=Los+Angeles&zip=91604
A0480,Match,"4046 43RD ST, SAN DIEGO, CA, 92105",San Diego city,0666000,San Diego County,https://geocoding.geo.census.gov/geocoder/geographies/address?benchmark=Public_AR_Current&vintage=Current_Current&layers=Incorporated+Places%2CCounties&format=json&street=4046+N+43RD+ST&state=CA&city=San+Diego&zip=92105
A0481,Match,"536 LEAVENWORTH ST, SAN FRANCISCO, CA, 94109",San Francisco city,0667000,San Francisco County,https://geocoding.geo.census.gov/geocoder/geographies/address?benchmark=Public_AR_Current&vintage=Current_Current&layers=Incorporated+Places%2CCounties&format=json&street=536+LEAVENWORTH+ST&state=CA&city=San+Francisco
A0482,Match,"101 CLIFTON PL, JERSEY CITY, NJ, 07304",Jersey City city,3436000,Hudson County,https://geocoding.geo.census.gov/geocoder/geographies/address?benchmark=Public_AR_Current&vintage=Current_Current&layers=Incorporated+Places%2CCounties&format=json&street=101+CLIFTON+PL.&state=NJ&city=Jersey+City&zip=10982
A0483,Match,"1580 MARKET ST, SAN FRANCISCO, CA, 94102",San Francisco city,0667000,San Francisco County,https://geocoding.geo.census.gov/geocoder/geographies/address?benchmark=Public_AR_Current&vintage=Current_Current&layers=Incorporated+Places%2CCounties&format=json&street=1580+MARKET+ST&state=CA&city=San+Francisco
A0484,No_Match,,,,,https://geocoding.geo.census.gov/geocoder/geographies/address?benchmark=Public_AR_Current&vintage=Current_Current&layers=Incorporated+Places%2CCounties&format=json&street=1801+08TH+AV&state=CA&city=San+Francisco
A0485,Match,"302 WESTERN AVE, CAMBRIDGE, MA, 02139",Cambridge city,2511000,Middlesex County,https://geocoding.geo.census.gov/geocoder/geographies/address?benchmark=Public_AR_Current&vintage=Current_Current&layers=Incorporated+Places%2CCounties&format=json&street=296-302+Western+Ave&state=MA&city=Cambridge
A0486,Match,"2280 MISSION ST, SAN FRANCISCO, CA, 94110",San Francisco city,0667000,San Francisco County,https://geocoding.geo.census.gov/geocoder/geographies/address?benchmark=Public_AR_Current&vintage=Current_Current&layers=Incorporated+Places%2CCounties&format=json&street=2280+MISSION+ST&state=CA&city=San+Francisco
A0487,Match,"2118 FILLMORE ST, SAN FRANCISCO, CA, 94115",San Francisco city,0667000,San Francisco County,https://geocoding.geo.census.gov/geocoder/geographies/address?benchmark=Public_AR_Current&vintage=Current_Current&layers=Incorporated+Places%2CCounties&format=json&street=2118+FILLMORE+ST&state=CA&city=San+Francisco
A0488,Match,"197 BEACON ST, BOSTON, MA, 02116",Boston city,2507000,Suffolk County,https://geocoding.geo.census.gov/geocoder/geographies/address?benchmark=Public_AR_Current&vintage=Current_Current&layers=Incorporated+Places%2CCounties&format=json&street=197+BEACON+ST&state=MA&city=Boston&zip=02116
A0489,Match,"204 GRAND ST, HOBOKEN, NJ, 07030",Hoboken city,3432250,Hudson County,https://geocoding.geo.census.gov/geocoder/geographies/address?benchmark=Public_AR_Current&vintage=Current_Current&layers=Incorporated+Places%2CCounties&format=json&street=204+GRAND+ST&state=NJ&city=Hoboken&zip=06901
A0490,Match,"526 ADAMS ST, HOBOKEN, NJ, 07030",Hoboken city,3432250,Hudson County,https://geocoding.geo.census.gov/geocoder/geographies/address?benchmark=Public_AR_Current&vintage=Current_Current&layers=Incorporated+Places%2CCounties&format=json&street=526+ADAMS+ST&state=NJ&city=Hoboken&zip=07030
A0491,Match,"37 IRVING ST, NEWARK, NJ, 07104",Newark city,3451000,Essex County,https://geocoding.geo.census.gov/geocoder/geographies/address?benchmark=Public_AR_Current&vintage=Current_Current&layers=Incorporated+Places%2CCounties&format=json&street=37+IRVING+ST&state=NJ&city=Newark&zip=07104
A0492,Match,"800 S HARVARD BLVD, LOS ANGELES, CA, 90005",Los Angeles city,0644000,Los Angeles County,https://geocoding.geo.census.gov/geocoder/geographies/address?benchmark=Public_AR_Current&vintage=Current_Current&layers=Incorporated+Places%2CCounties&format=json&street=800+S+HARVARD+BLVD&state=CA&city=Los+Angeles&zip=90005
A0493,Match,"4450 GEARY BLVD, SAN FRANCISCO, CA, 94118",San Francisco city,0667000,San Francisco County,https://geocoding.geo.census.gov/geocoder/geographies/address?benchmark=Public_AR_Current&vintage=Current_Current&layers=Incorporated+Places%2CCounties&format=json&street=4450+GEARY+BL&state=CA&city=San+Francisco
A0494,Match,"2641 FRANKLIN ST, SAN FRANCISCO, CA, 94123",San Francisco city,0667000,San Francisco County,https://geocoding.geo.census.gov/geocoder/geographies/address?benchmark=Public_AR_Current&vintage=Current_Current&layers=Incorporated+Places%2CCounties&format=json&street=2641+FRANKLIN+ST&state=CA&city=San+Francisco
A0495,Match,"230 VAN HORNE ST, JERSEY CITY, NJ, 07304",Jersey City city,3436000,Hudson County,https://geocoding.geo.census.gov/geocoder/geographies/address?benchmark=Public_AR_Current&vintage=Current_Current&layers=Incorporated+Places%2CCounties&format=json&street=230+VAN+HORNE+ST.&state=NJ&city=Jersey+City&zip=11219
A0496,Match,"512 32ND ST, SAN DIEGO, CA, 92102",San Diego city,0666000,San Diego County,https://geocoding.geo.census.gov/geocoder/geographies/address?benchmark=Public_AR_Current&vintage=Current_Current&layers=Incorporated+Places%2CCounties&format=json&street=512+32ND+ST&state=CA&city=San+Diego&zip=92102
A0497,Match,"3750 29TH ST, SAN DIEGO, CA, 92104",San Diego city,0666000,San Diego County,https://geocoding.geo.census.gov/geocoder/geographies/address?benchmark=Public_AR_Current&vintage=Current_Current&layers=Incorporated+Places%2CCounties&format=json&street=3750+29TH+ST&state=CA&city=San+Diego&zip=92104
A0498,Match,"686 SUMMER AVE, NEWARK, NJ, 07104",Newark city,3451000,Essex County,https://geocoding.geo.census.gov/geocoder/geographies/address?benchmark=Public_AR_Current&vintage=Current_Current&layers=Incorporated+Places%2CCounties&format=json&street=684-686+SUMMER+AVE&state=NJ&city=Newark&zip=07644
A0499,Match,"8519 WILLIS AVE, PANORAMA CITY, CA, 91402",Los Angeles city,0644000,Los Angeles County,https://geocoding.geo.census.gov/geocoder/geographies/address?benchmark=Public_AR_Current&vintage=Current_Current&layers=Incorporated+Places%2CCounties&format=json&street=8519+WILLIS+AVE&state=CA&city=Los+Angeles&zip=91402
A0500,Match,"8811 BURNET AVE, NORTH HILLS, CA, 91343",Los Angeles city,0644000,Los Angeles County,https://geocoding.geo.census.gov/geocoder/geographies/address?benchmark=Public_AR_Current&vintage=Current_Current&layers=Incorporated+Places%2CCounties&format=json&street=8811+BURNET+AVE&state=CA&city=Los+Angeles&zip=91343
